,id,box
23235,1c6f7232a7da1966,0.11 0.09 0.93 1.00
38630,00c289ba282dbfab,0.24 0.00 0.96 0.87
51795,0ea5ebdef84635a4,0.00 0.00 0.44 1.00
18374,aea6ba8cf038ffa3,0.08 0.47 0.98 1.00
29096,27e685e1a4fb7617,0.47 0.19 0.65 0.59
31665,00318b5e14a4f320,0.05 0.00 0.39 0.53
22441,3a47effaae19103a,0.04 0.09 1.00 0.90
32470,a8c85d11b2dd5076,0.34 0.10 0.76 0.91
37318,2555f1a0fea1d2f6,0.49 0.49 0.82 0.76
7878,69d2b48c3530dd3a,0.00 0.00 0.95 1.00
39208,0fe4e632593f0a7a,0.00 0.23 1.00 1.00
36379,1ac2cb6bc9c4725e,0.00 0.40 1.00 1.00
27472,07b22c67a408f380,0.10 0.03 0.60 1.00
43147,4710054b1378c66f,0.04 0.00 0.62 1.00
36748,06a761ee878d4d51,0.08 0.00 0.49 0.43
5245,0ab8ee3bec233a60,0.00 0.00 0.68 0.97
49151,01868179217ace97,0.00 0.00 0.88 0.61
5894,044e439a752482f5,0.34 0.00 0.71 1.00
4659,0dde6be21a044028,0.07 0.00 1.00 1.00
7243,012dc9fc03289769,0.02 0.00 1.00 1.00
14593,0b98df4478b9ff65,0.09 0.30 0.92 0.76
3212,369ae5f7156155f9,0.37 0.45 0.63 0.60
16150,5be23aa0397ef0c2,0.00 0.00 1.00 1.00
46521,12dc8a6a2f85a96c,0.00 0.00 0.47 1.00
32822,0083424307799a20,0.03 0.00 0.59 1.00
15501,0e20924fe1c40ebc,0.21 0.00 0.93 0.66
34732,4aa1292d7464ab8a,0.00 0.00 1.00 1.00
35377,0035cf5eb235ba98,0.05 0.27 0.85 0.91
15902,00c939b46d772857,0.13 0.34 0.90 0.74
36617,0a61eed238d5acb6,0.24 0.43 0.63 1.00
40250,0576272ab8ac08a1,0.14 0.00 1.00 1.00
46713,069156657ace562f,0.37 0.07 1.00 0.97
29278,04f4cf70bab1c905,0.13 0.00 0.68 1.00
2090,48b3f8c287cb7d1d,0.18 0.13 0.86 0.95
14392,054dde57b58ad8ce,0.00 0.00 1.00 1.00
34382,4a865f77c966db06,0.58 0.00 0.77 0.91
21234,0315457adaf0995a,0.00 0.00 1.00 1.00
28749,b8d7acd50b4bfdf8,0.13 0.00 1.00 1.00
18512,25cabb7948fd5a27,0.08 0.00 0.95 0.90
48107,01de79da596b8393,0.05 0.00 1.00 1.00
46268,39cc8cdf5900420f,0.21 0.33 0.54 1.00
43771,1ce533ba60d7c922,0.11 0.00 0.37 1.00
13032,18260db9ad8ca89e,0.02 0.00 0.98 1.00
14509,0f06931032c6717b,0.27 0.00 1.00 0.61
3545,96843c96b218e503,0.00 0.00 1.00 1.00
39380,ac302836b2680baa,0.16 0.32 0.77 0.54
49737,124fa58013de7ac9,0.00 0.00 0.85 1.00
39945,06e575aa71a02fd2,0.41 0.17 0.88 0.43
14464,0bcb366cd9b8478c,0.10 0.00 0.56 1.00
45241,02a36411a7b0d2c2,0.00 0.00 0.82 1.00
29241,015ceae5e534dc84,0.00 0.00 1.00 1.00
51435,929c62da3634edbf,0.00 0.00 1.00 1.00
8545,08d36060ca4119c3,0.29 0.21 0.68 0.93
13794,0948c9e4edd34d62,0.15 0.17 0.85 1.00
15742,800327ed01bec0de,0.18 0.22 0.85 0.73
29107,06b77b31242e95a9,0.07 0.00 1.00 0.66
42132,7242a98fda477de0,0.29 0.42 0.91 0.74
39370,0ea7704ca168eae4,0.23 0.00 0.68 1.00
29566,00b12a28d580c872,0.00 0.00 0.86 1.00
11935,894f716e406a8eea,0.30 0.07 1.00 1.00
26526,74f88c7342963559,0.00 0.00 1.00 1.00
14178,54f9a6a88f44094f,0.11 0.14 1.00 1.00
14613,20b1f4ddfd612639,0.26 0.00 0.85 1.00
35502,05e6d61759a88f34,0.33 0.00 0.65 0.70
26538,33e11c2a94607073,0.08 0.03 0.95 1.00
9685,28a3f4a6a65a428d,0.64 0.30 1.00 0.70
44722,0d7672ba9fb62c19,0.06 0.14 1.00 0.85
24212,17012ac023610663,0.00 0.00 0.36 0.75
8432,00f105af5ae64e51,0.00 0.00 0.95 1.00
19384,2eb6af8d5be472a2,0.00 0.00 1.00 1.00
29885,050fb9c88833f419,0.37 0.66 0.62 1.00
29844,0a161812c453131e,0.02 0.17 1.00 1.00
2958,03e9c7a0b2cb64b6,0.19 0.00 0.67 1.00
11523,1912c5797d2260c9,0.41 0.00 1.00 1.00
38304,076b39839c77f5ca,0.12 0.00 0.23 0.87
9682,0adcb244d61cb4ec,0.18 0.00 1.00 1.00
37684,0a3431bfb80a85be,0.39 0.00 0.86 1.00
43179,5d26739eb02820eb,0.28 0.00 1.00 1.00
13313,00324a19f23038a9,0.46 0.49 0.67 0.93
22884,6c90f46f24116e72,0.11 0.22 0.46 0.76
5715,d46d57a2ca3f361e,0.00 0.00 1.00 1.00
26624,02bcb3793475aac7,0.00 0.00 0.88 1.00
50720,26d0863f825fda1f,0.22 0.45 0.70 0.98
42116,290764aa3ca22fa7,0.30 0.70 1.00 0.92
31730,4a6971f32ff0a9a9,0.13 0.24 0.73 0.76
40805,8c882ffcf265ff09,0.11 0.00 0.78 1.00
48323,1bd035d0190d5a66,0.00 0.00 1.00 1.00
45343,5ca11ebe6575b068,0.00 0.00 1.00 0.54
264,1f1877c544bca211,0.03 0.14 1.00 0.92
17060,9b2e8f60123ff3a7,0.21 0.39 0.65 0.57
27671,1b844ffcae332f8b,0.10 0.00 1.00 1.00
52926,02c0dee2eee50e59,0.00 0.00 0.83 1.00
26045,227e677071fd9cc4,0.00 0.00 1.00 1.00
6790,836125f8b70d8b7b,0.34 0.00 1.00 1.00
47548,7355fec61ef7a779,0.10 0.23 0.80 0.73
27771,1fd5afcd766e86e5,0.04 0.06 0.80 1.00
1168,000c662eb8540db4,0.00 0.00 1.00 1.00
23127,002575120aeb5ba7,0.00 0.00 0.55 1.00
50820,0014746c7ebfdb85,0.05 0.00 0.92 0.59
16568,843903cbbf43b31b,0.04 0.10 0.60 0.76
27248,8a75fb34aea69fe1,0.06 0.39 0.49 0.78
24474,06cedf37e2b30055,0.00 0.10 0.59 0.92
49245,0089d18680fd7502,0.13 0.00 0.65 1.00
51664,0c3d38296c270272,0.04 0.43 0.64 0.76
9416,b5f0a8f38f8385e7,0.02 0.00 0.99 1.00
9387,e032e662ca8d71ed,0.43 0.50 0.49 0.56
1281,0822c199a9248fb3,0.00 0.00 0.93 0.92
27088,05f064860a668ea9,0.19 0.00 0.68 1.00
26099,7062f84d80d40021,0.15 0.14 0.89 0.85
46924,b41b496a230e8b6f,0.00 0.00 1.00 1.00
25443,364b590999f2a605,0.04 0.00 0.97 1.00
15920,3a96e5cfbe0420f8,0.00 0.00 0.91 0.78
44306,22dd3e57f3f3622b,0.00 0.00 1.00 1.00
12340,13e7b42d6fcd8d19,0.14 0.07 0.72 1.00
28095,03e1aca8aede25c7,0.05 0.00 0.91 0.85
50088,576721ffedd82774,0.18 0.13 0.84 0.96
11879,03f5790ef5d60604,0.10 0.00 0.80 1.00
27406,20ee6b8d671ec093,0.22 0.10 0.66 1.00
49207,4c976451d4aefbcf,0.00 0.00 0.95 1.00
42006,6a5c708fb6b49e13,0.34 0.00 1.00 1.00
29863,aab9594b4c0c2949,0.00 0.00 0.83 1.00
7592,19a43d32682699ef,0.26 0.54 1.00 0.76
3933,e6e75d3d241db069,0.13 0.15 0.36 0.80
33769,2141deeca35c75f2,0.00 0.00 1.00 1.00
42846,4a98674a65723f5f,0.00 0.00 1.00 1.00
30981,0c33ae9494acdb6e,0.25 0.04 0.80 1.00
127,01e1f2d7def859c7,0.38 0.04 0.77 0.61
21681,0006066e9efc3bed,0.00 0.00 1.00 1.00
25789,0b9c8094a30607b7,0.08 0.00 0.62 0.47
23558,0126f2b23eaaf02a,0.10 0.07 0.88 0.93
12008,0889a997b17e73ef,0.28 0.27 0.78 0.77
48461,27979df699f0ec57,0.00 0.00 0.60 1.00
36122,d6ece1a8e48740b0,0.00 0.00 1.00 0.91
20795,04f822a4502dfa57,0.00 0.00 1.00 1.00
40220,0cd2df83882ea0e2,0.00 0.00 1.00 1.00
6584,622d8124d94bcf8b,0.22 0.54 0.93 1.00
2795,40af26d3bce7d82e,0.15 0.18 0.46 0.51
15024,10a03ecaa2f62a73,0.34 0.17 0.55 0.57
53663,87f60d4a1a73d95a,0.00 0.00 1.00 1.00
48619,01879c90a4ec5840,0.02 0.00 1.00 1.00
40085,df45edf5802288d5,0.01 0.22 0.98 1.00
41984,b484ad3d6104f955,0.13 0.23 0.96 0.74
2977,0522bd87ccee3e8c,0.27 0.07 0.84 0.87
9155,263ea48f3146d14b,0.03 0.00 1.00 0.83
917,45eb6d398ffcab84,0.26 0.17 0.80 1.00
36321,824a153a15e1e179,0.21 0.00 0.85 0.98
51035,e1179834c07c4fc4,0.00 0.31 0.79 1.00
22905,205006aa591995b0,0.00 0.10 1.00 1.00
14954,3fb75173e0471d84,0.34 0.21 0.62 1.00
4816,6a854b04bbb6f538,0.27 0.09 1.00 1.00
12082,06aa46cdae048b01,0.31 0.00 1.00 1.00
41850,57d3580d2af24460,0.00 0.25 1.00 0.77
15094,bcc688b031b4e4e8,0.00 0.19 0.93 0.89
35054,805e9d1276b56b4e,0.24 0.15 0.39 0.67
25947,75d79d9b85c501db,0.13 0.17 0.78 1.00
6709,d43b88263c3209f8,0.00 0.00 1.00 1.00
31242,e9faa61399eab061,0.19 0.41 1.00 0.92
4117,39cd82b3834a4bdc,0.56 0.32 1.00 0.67
4453,027317dd92f85ac7,0.00 0.00 1.00 1.00
22142,003b474525b60686,0.05 0.00 1.00 1.00
25273,405a3aaf6ab5a49a,0.00 0.00 0.92 1.00
47285,01c910937564ca89,0.08 0.00 0.25 1.00
3802,04a471bba68e4e84,0.00 0.29 0.63 0.70
21957,26c8f337c9789634,0.10 0.00 0.38 1.00
50149,31817c3698a412b6,0.00 0.04 0.91 1.00
13718,081971e4bc5a6353,0.00 0.00 1.00 1.00
5284,231309d370f00842,0.07 0.37 0.40 0.49
9925,043aafa6a007405e,0.00 0.00 1.00 1.00
23232,2f946b3c8423ccb4,0.00 0.00 0.78 1.00
13471,b2a05efefd5626fa,0.28 0.09 0.44 0.49
44946,15148db44332998f,0.30 0.19 0.54 1.00
1625,056020693849f014,0.49 0.00 0.67 0.50
40666,bac6cc9ac78e1d18,0.08 0.03 0.58 1.00
40419,0074bdd053d14710,0.10 0.12 1.00 0.74
23874,01006ab9183a05b0,0.03 0.00 1.00 1.00
34459,04ffaf936b29f49d,0.23 0.08 0.90 0.83
32295,0101f9dc8778f17d,0.17 0.51 0.57 1.00
23748,32b3304852ac5398,0.07 0.10 0.53 1.00
43791,32aeb90ea1ff1a6f,0.64 0.00 0.76 1.00
17916,4fef2d1ca1ee6c09,0.25 0.21 0.91 0.85
5160,772730f840d99b59,0.00 0.00 1.00 1.00
47288,94fa9ae43178a3a1,0.00 0.00 0.66 0.57
33737,07664ae140454d07,0.21 0.12 1.00 0.87
48720,3e843806b2c56bec,0.14 0.23 0.84 0.71
3573,176a87c7cc187ca1,0.00 0.23 1.00 1.00
53326,8bc5d6766c74d1ad,0.28 0.15 0.40 0.65
30220,ccee4ec1117dee0b,0.00 0.00 0.48 1.00
40401,0e7432ee71161620,0.52 0.48 0.62 0.72
33042,4552c805ac329be2,0.00 0.00 1.00 1.00
14447,4345daa9cd1347c6,0.21 0.00 1.00 1.00
23089,1ca628c666147d00,0.16 0.14 0.69 0.41
36611,0bb560624f0c9710,0.04 0.39 0.81 0.63
6880,1b02f57b3100dc89,0.00 0.00 0.94 1.00
24903,0b94cd7bc9d45b0e,0.00 0.00 0.71 1.00
30584,1062fa1ecc5aa46f,0.03 0.83 0.39 1.00
10981,c142ffae2b1364c7,0.34 0.32 1.00 1.00
6846,47785830a91800d4,0.00 0.00 1.00 1.00
23673,0731131194b41611,0.23 0.07 0.70 1.00
44247,0ecaa891aba37d90,0.00 0.00 1.00 0.96
39886,01360b25e43558de,0.02 0.35 0.47 0.55
51238,542ed72e73d8b702,0.56 0.00 1.00 1.00
49027,037f8f519e7dfe20,0.18 0.00 0.68 1.00
21980,0a6f7df3468a823e,0.09 0.52 0.61 1.00
37031,1acd770b5d8b32db,0.00 0.00 1.00 1.00
47730,278e47a1d6f98605,0.00 0.00 1.00 1.00
48824,1cfa6ad3d66a59b4,0.56 0.00 0.91 1.00
19157,82a0d0b7dc971092,0.11 0.00 0.70 1.00
41486,0ccd5c6d54e657f1,0.04 0.16 0.48 0.92
2096,17185414ee18c3c5,0.44 0.35 0.55 0.59
14173,0f6e81bc56546886,0.19 0.01 1.00 0.93
15836,4e1ec5cfe384f755,0.23 0.17 0.57 0.78
45080,073eb9906be5a777,0.33 0.00 1.00 1.00
43409,4bbd4e73acbe7099,0.19 0.09 0.86 0.90
35460,23fa58be61c9e5d1,0.07 0.33 0.93 0.71
2236,043cd22c1efbcbd1,0.04 0.06 0.91 1.00
5052,4b6f521c54832477,0.32 0.19 0.66 0.96
36420,81e1df61faffa2f0,0.40 0.00 0.65 1.00
12310,373874fa982d39c3,0.05 0.00 0.86 1.00
13,423d04d4fb145ba4,0.16 0.00 0.78 0.96
31291,0006246c429218ee,0.00 0.00 0.47 1.00
14046,a4df00adef9a0859,0.06 0.27 0.66 1.00
10838,00dadf7217524f8a,0.30 0.40 0.49 0.46
36145,0089f2abeb545c37,0.09 0.00 1.00 1.00
44077,131c74c4aa635e35,0.35 0.00 0.93 1.00
43313,025304a015c6e95b,0.00 0.14 0.80 0.93
49545,1b33c28b032e7451,0.05 0.00 0.74 1.00
15072,465227b00d4b1a34,0.32 0.24 0.80 0.82
51496,303c34f393094ab4,0.28 0.02 0.63 1.00
9715,0f8fcca3b3f44bf6,0.29 0.13 0.59 1.00
39839,0ccf9daab4180ea7,0.01 0.00 1.00 1.00
30640,1490c1bfb8fd12de,0.00 0.00 1.00 1.00
19059,08b9f85e2c8b15b3,0.04 0.13 0.95 0.73
51140,019548e0a58bfd99,0.49 0.10 1.00 1.00
45115,0f2af69fc2a32b1a,0.03 0.00 0.82 1.00
24386,83358f01ad01787d,0.34 0.00 0.67 1.00
43421,1ca784ac6bac59c4,0.05 0.55 0.75 0.83
50627,02325f4fee674135,0.47 0.50 0.85 0.98
37365,3d5020f8f7b4dcc4,0.03 0.36 1.00 0.84
9339,00276be17ad4352d,0.01 0.00 1.00 1.00
28003,008d14dfe82a9a38,0.33 0.55 0.66 1.00
43462,1bea64c349664f04,0.40 0.00 0.81 1.00
3403,0250dd0edc3619a1,0.00 0.00 1.00 1.00
13931,011cc7efbfd72105,0.00 0.00 1.00 1.00
25548,4522fe31bb6d3754,0.00 0.03 0.55 0.73
50033,01980d8643f9d65f,0.00 0.00 1.00 1.00
44835,01b621013f9b06a7,0.00 0.07 0.65 1.00
10071,69a913f5e957b2dd,0.39 0.00 0.57 0.36
28826,158524d2f6ecd6a0,0.16 0.31 0.71 0.78
23535,18217ccabd0fdd4f,0.00 0.00 0.93 1.00
35298,d3aba71f09f84cec,0.39 0.00 1.00 1.00
4365,044cda953d0b0ab4,0.00 0.00 0.70 1.00
38613,1ae57f222975c015,0.09 0.78 0.88 1.00
37351,711c17769c5882d5,0.00 0.00 0.58 1.00
37279,22d68f499e3e951f,0.12 0.32 0.55 1.00
38027,0616fcb6e1a3d1a7,0.03 0.17 0.90 0.90
22799,01844c1df2d2ae26,0.03 0.00 1.00 0.75
37627,00f4cf4a0f28e553,0.26 0.53 0.65 0.80
29292,1c06dc48520df9dc,0.03 0.07 0.97 0.89
34658,08331af3451586e6,0.02 0.00 0.83 0.73
9723,10bc69deb8a787b8,0.27 0.00 0.38 0.31
18899,0348484467751da2,0.11 0.00 0.86 1.00
51616,263bfa50174cc53e,0.30 0.36 0.47 1.00
5018,0ba2678b2dadfbd6,0.43 0.00 1.00 0.90
24072,0570513f00f924a5,0.17 0.41 0.44 0.65
27385,11f5439ce3a035c1,0.00 0.00 0.78 1.00
4446,5c3e557af6a92f30,0.00 0.00 1.00 1.00
39585,3b742f65ccd48e39,0.12 0.42 1.00 0.59
4226,4c1ca0d504003775,0.07 0.00 0.71 1.00
30901,05ea3e8cbd8031af,0.28 0.32 0.46 1.00
11151,0bf62b0ac29ede6c,0.46 0.00 0.65 1.00
42825,3560896e0b9b1413,0.00 0.00 1.00 1.00
30035,15663daf14a6e15e,0.13 0.00 1.00 1.00
51044,041ff0d5bc678bb1,0.05 0.00 0.79 0.88
16687,847bbe05471543b2,0.34 0.00 1.00 1.00
47553,0f0540fafad10574,0.00 0.00 1.00 1.00
20041,577c6860fd975ec5,0.02 0.26 1.00 0.80
51321,5270a61675aba99a,0.00 0.00 0.43 1.00
30022,14143fb2c7659815,0.00 0.00 0.60 0.92
1534,3b799d7fab6751a5,0.30 0.00 0.77 0.67
52427,0509176ac666e738,0.00 0.03 0.76 1.00
47518,31174c5ab481eb97,0.14 0.00 0.48 1.00
21869,17656f7028b2a0ff,0.00 0.00 0.89 1.00
6989,21406884f8c1a6d1,0.33 0.00 1.00 1.00
21066,128c97c2073e2130,0.08 0.00 0.96 1.00
26755,02d92438a2b564ff,0.42 0.00 0.86 1.00
40189,27356bcc491c9a72,0.65 0.00 0.82 0.75
15862,00bc25c5f45a53a6,0.10 0.00 1.00 1.00
7071,413de429108b4c1f,0.16 0.27 1.00 1.00
9910,1c0db8f393a28c9a,0.00 0.00 0.91 1.00
1121,411132b07a935815,0.00 0.00 1.00 0.99
3288,486aeceb6816a4d0,0.09 0.00 0.58 0.87
15647,089f5bc4524b8786,0.00 0.00 1.00 0.98
3087,120bc9d5c772eeda,0.10 0.17 0.75 0.99
41546,0001b2b23681d40b,0.00 0.00 1.00 1.00
20287,459278e1155590d4,0.00 0.00 1.00 1.00
53610,0836ebbe0b4d293c,0.63 0.17 0.74 0.33
28873,310e03fe5baeeb00,0.00 0.12 0.35 1.00
493,f84b6304171bd223,0.16 0.00 0.83 1.00
3911,22694e4b97978b52,0.00 0.00 0.88 0.83
7681,601a3685bd532cda,0.19 0.00 0.69 0.97
11579,e674aedad0c78158,0.22 0.00 0.87 1.00
10915,0e9168a1bd07442b,0.43 0.07 0.63 1.00
12223,da94b6bd8c32682c,0.07 0.26 0.91 1.00
27,01f18f147d31b029,0.20 0.16 0.91 0.70
8654,1e9b6253f80233d4,0.37 0.14 0.48 1.00
51286,00cb412362c317c1,0.00 0.34 0.76 0.93
37290,0a9a8f7fea1c0350,0.25 0.00 1.00 1.00
37410,0107a935e3a260a1,0.07 0.11 0.67 0.78
53532,00fac09286dff0e3,0.00 0.00 0.74 0.69
29842,a10e8e16396e3796,0.00 0.00 1.00 1.00
25930,5c59d50be0cea109,0.17 0.15 0.84 0.85
4809,11e6cfcdf2db2131,0.00 0.00 0.65 1.00
6540,45c12fb512225369,0.27 0.00 0.75 1.00
41917,01f56e8886549397,0.11 0.09 0.88 0.77
21189,1b0bc5f2e150e093,0.00 0.00 0.92 1.00
16919,8046b475c2e8b18e,0.00 0.00 1.00 1.00
40677,08436acd72b970ed,0.04 0.31 0.95 0.70
40113,11164e177080c32c,0.04 0.00 0.61 1.00
46291,2488f047ea7916d6,0.20 0.35 0.52 0.41
51740,448fc6cfeda5826f,0.22 0.00 1.00 0.85
33164,002bb2e1dfab4de1,0.49 0.30 0.63 0.75
23852,e217ce9b5f187785,0.00 0.19 1.00 1.00
22097,252c0397b8edf352,0.00 0.00 0.81 1.00
43831,29ab5593410b3ad4,0.32 0.00 0.67 1.00
9560,24f5314ee6f64f9a,0.06 0.10 0.76 0.81
31869,3fff0adbd4ccceb1,0.15 0.00 0.35 0.60
10631,e22a0d18fb448318,0.04 0.04 1.00 1.00
36578,0a3fd50d88df7c73,0.12 0.29 1.00 0.67
14827,00fd0e282bdcf4e5,0.03 0.42 0.68 0.66
44169,faa527355ccf7e13,0.00 0.00 0.83 1.00
13547,24a1801f6a7bf2a7,0.09 0.00 0.88 1.00
8831,4b6aab8f6daac3a6,0.02 0.10 0.60 0.47
16964,15947f7242f86139,0.22 0.00 1.00 1.00
3841,08a9f86bb4cddaf3,0.00 0.00 0.88 0.57
40278,17090c268f087752,0.00 0.00 0.90 1.00
22099,6015ae84aefb16b8,0.00 0.00 1.00 1.00
46376,fe6d3ac78494b058,0.01 0.46 0.90 0.78
52793,4e9599967638a522,0.27 0.00 0.91 1.00
23248,06f1f1642a40e869,0.00 0.00 0.42 0.82
17682,165a624cfc1c275f,0.29 0.00 0.61 1.00
29026,410433f39b7d85e3,0.04 0.00 1.00 1.00
17211,03c387593a17768e,0.16 0.38 0.74 1.00
44087,35444c08ba735643,0.00 0.00 1.00 1.00
22650,8e6131a02554c28b,0.19 0.00 1.00 1.00
38357,0d540fc5f91640fc,0.14 0.05 0.76 0.88
43026,1512f9c5e36fed76,0.05 0.00 1.00 1.00
44221,01b293f5d67debdd,0.36 0.00 1.00 1.00
50599,4dc21663e40842a2,0.42 0.00 0.75 0.57
39595,e39c7c9ba7894b8f,0.00 0.00 1.00 0.86
38148,0032cbe8ea52619b,0.00 0.09 1.00 1.00
20953,1a9f4c3698022180,0.10 0.00 1.00 1.00
31935,53ef348bd9c00813,0.33 0.42 0.57 0.55
6697,02b62552fb1adf39,0.00 0.00 0.76 1.00
15798,290733618a6358db,0.00 0.19 0.90 1.00
28558,1280ce52ca906403,0.00 0.00 1.00 1.00
25378,a8144767ebfb200a,0.33 0.00 1.00 1.00
4251,064169616282e136,0.00 0.21 1.00 1.00
23611,4a66abab8b9d35b4,0.28 0.00 1.00 1.00
1596,36633d19c6088efc,0.16 0.00 0.36 1.00
469,05add80156924746,0.18 0.00 0.99 1.00
49463,4a503fa6fa946150,0.22 0.00 0.84 1.00
43626,c24937cec504c4ca,0.22 0.12 0.64 0.86
31601,0829f497f20ca672,0.00 0.48 0.88 1.00
7246,fc99f0e35e5cf799,0.06 0.11 0.94 0.68
22050,0340f684b6f39cee,0.01 0.00 1.00 1.00
32062,33b42f97f938fd97,0.00 0.00 1.00 0.84
12875,10409fd8587f31d3,0.01 0.11 0.91 0.78
27108,192f41c77838c50c,0.00 0.00 1.00 0.81
15899,02b7d1a67fbd067b,0.04 0.00 0.42 1.00
7270,32dd9e73b25d6697,0.18 0.00 1.00 1.00
26049,0f845d21b5f917f3,0.04 0.00 0.74 0.73
30795,0bab494eeb1be5ec,0.14 0.00 0.81 0.64
23345,bc59806f0b943f22,0.39 0.00 0.77 1.00
35457,0e6fa2965f621838,0.19 0.00 1.00 1.00
53707,505603a0126dd8f7,0.00 0.00 0.72 1.00
8787,14f83588ca0920e8,0.09 0.00 1.00 1.00
26304,6ffa76dea14d61d4,0.25 0.15 1.00 1.00
20710,261aa029050f4f39,0.11 0.10 0.54 1.00
34597,00359a732f07be73,0.00 0.13 0.38 0.28
18650,d03a5f4691c7a662,0.33 0.00 0.64 0.60
37833,a71b70554f2c7b2b,0.08 0.40 0.34 0.75
3896,3e77796c2bc520f1,0.30 0.00 0.52 0.36
18923,2b4bea6d4056f8df,0.05 0.09 0.96 0.92
34377,141811a7c18da680,0.04 0.00 0.75 1.00
18299,2810ea46afb8d263,0.07 0.00 0.73 1.00
47951,10fcc5a51033985c,0.00 0.17 0.69 0.85
24742,21fbcc3995aba844,0.03 0.00 1.00 1.00
28333,bfbe1ccf7bcdf7c9,0.11 0.00 0.31 1.00
50699,9c2e593235f47484,0.00 0.03 0.96 1.00
267,2d98ef8d840f4a66,0.00 0.00 0.89 0.88
31835,2d3134c60a84cf13,0.04 0.00 1.00 1.00
42315,09850cc24225de82,0.03 0.41 0.38 1.00
47718,c0252d2138a9ad5b,0.11 0.00 0.96 1.00
51267,07706f173fab3046,0.00 0.00 1.00 1.00
50905,092f517a9ed39df6,0.12 0.39 0.42 0.65
37420,0876d16d0abc3ccf,0.11 0.23 0.78 0.79
39991,846bf1fc959daf03,0.00 0.00 0.92 0.91
53171,0337b72737b9dbb2,0.00 0.00 1.00 1.00
51236,0e0828adfa9c008a,0.00 0.02 1.00 1.00
45867,01ce794b1b0d1de8,0.00 0.00 1.00 1.00
29765,1bc05e0a4fecdb9b,0.50 0.00 1.00 1.00
13872,4816cb92d6886ddf,0.16 0.00 1.00 1.00
12541,739c631feb34baca,0.11 0.40 1.00 0.61
44910,19afcf9c11f5537c,0.39 0.35 0.87 0.54
48800,0b182e49a10667d2,0.00 0.00 0.64 1.00
35185,0125e42f1fac3cab,0.00 0.00 0.27 1.00
18075,a518e239ab9cf935,0.18 0.00 0.85 1.00
19327,0160fd3b90e049a0,0.00 0.00 0.71 1.00
16735,0361dbcd0ab0489b,0.00 0.00 1.00 1.00
52329,088dd190acf6f626,0.00 0.00 1.00 1.00
3652,00a9cd6d082cac35,0.04 0.00 0.30 1.00
43518,0fb3a950b99c39f3,0.23 0.32 1.00 0.89
4573,545e4b03680d5abe,0.00 0.15 0.86 1.00
52162,0508b245bd68fff3,0.09 0.00 0.91 1.00
30010,3a0d5370854749bd,0.04 0.51 0.75 1.00
42489,07038d6d800eabca,0.53 0.56 0.90 0.90
23917,28241fd9f8ebd73d,0.00 0.43 0.75 1.00
20373,95d0fc8ab105b158,0.15 0.00 0.95 0.96
38021,2997eda70521a8db,0.00 0.00 0.97 1.00
38207,01d1ac4e29705dd6,0.37 0.05 1.00 1.00
15320,0788790c748473a8,0.00 0.59 0.45 1.00
53143,48b2b6eaa4b77ce2,0.24 0.00 0.64 1.00
42355,0233766c9d40a505,0.00 0.00 0.71 1.00
15410,03cd09fbf82f4be5,0.00 0.00 1.00 1.00
34445,e048e58fd022132a,0.16 0.04 0.99 0.68
23985,00f6e106aa7b7936,0.09 0.00 0.92 1.00
19684,026f80ccecedf3b4,0.19 0.00 0.90 1.00
11629,02bfeae6660d5067,0.18 0.00 1.00 0.97
12163,0dc2c61ff4fb4d84,0.00 0.75 0.89 0.97
41537,0d7fb3c2ee2b0d48,0.03 0.04 1.00 0.83
6143,0fd6b61f9b63db4a,0.19 0.22 0.82 0.82
40993,f5b8f5de4210f26d,0.00 0.00 0.55 1.00
3152,849535f5b99ef566,0.28 0.04 0.86 0.99
38321,11bd31864c9ba894,0.43 0.68 0.70 1.00
11719,1bde35236646eb6a,0.00 0.00 0.91 1.00
20827,00726609ed9d09cd,0.27 0.00 0.82 0.39
43720,0f6388f341155808,0.02 0.00 1.00 0.90
52665,1a164d4756afc23d,0.07 0.00 0.84 1.00
20924,69c970f34acdba0b,0.02 0.00 0.61 0.69
27336,589407421ce6fa51,0.00 0.17 0.84 0.89
1012,1fd9980179871fa3,0.29 0.31 0.94 0.74
44632,29dc368794c9ea3f,0.11 0.10 0.72 1.00
12620,6e21c6efb91412c8,0.00 0.24 1.00 1.00
46960,a3012838283abeb4,0.23 0.25 0.82 0.84
25291,a5fd147940fc67d2,0.01 0.25 0.89 0.77
22049,92e2988b6c7b2d93,0.30 0.05 0.72 1.00
44972,11fa85101d2cadee,0.26 0.56 0.69 0.86
10849,13dd044d677f7628,0.18 0.01 1.00 0.92
17298,0cb41b9c94d59586,0.06 0.68 0.48 0.78
14077,dcf69ef0a2b806ef,0.02 0.06 0.92 0.79
50715,100aab85c93b8204,0.00 0.00 0.53 1.00
3481,fa57b8365662a8d9,0.00 0.00 0.73 1.00
38590,07aabf91afb5cfcf,0.04 0.19 0.96 0.93
19100,8e94b8369538b9e1,0.00 0.00 0.98 1.00
45264,1fb1a82bbb08f1ab,0.33 0.08 0.65 1.00
42331,7d9b2497d96ed8df,0.13 0.21 1.00 0.68
9534,13bdef2d64cdd325,0.32 0.00 1.00 1.00
30884,030fac6b9119bdc3,0.11 0.00 0.98 1.00
42534,20e2ec99db5e4337,0.23 0.26 0.69 0.75
14888,d3fcb5404311d302,0.04 0.00 0.81 0.98
5759,01e5cd3281700373,0.11 0.00 0.88 0.57
51867,0ba1c77c17219955,0.18 0.36 0.87 1.00
12987,0c286e655c54058c,0.06 0.00 0.64 0.99
12780,14e188c84d9e2710,0.39 0.00 1.00 1.00
2536,255ae7a52b7f544b,0.03 0.00 0.92 1.00
21575,2f2688d62c27fd88,0.31 0.17 0.76 0.99
22802,0afb9134dd49cbee,0.00 0.00 0.94 1.00
40779,00987114b9fe2de5,0.14 0.25 1.00 1.00
4736,c3e8b423c33f6ce9,0.22 0.55 0.46 0.64
7907,0becb26ed117e671,0.02 0.03 0.92 0.76
22153,3e313bc351503c83,0.42 0.43 0.50 0.54
41950,0033a784314761af,0.14 0.09 0.67 0.41
52095,fcf40d8489840ad2,0.15 0.00 0.83 0.70
2120,af4e1ba76cee72c8,0.04 0.00 0.76 1.00
13914,c4e4dfd1c90eb065,0.14 0.22 0.64 0.78
6122,003b4c417b0019a8,0.00 0.00 0.52 0.81
34222,28df16cbd98c1e44,0.41 0.00 0.54 0.58
1892,5ff6365151019d11,0.03 0.00 1.00 0.90
37350,5438608332c876f8,0.28 0.05 0.82 0.97
17600,0644c83506123a25,0.15 0.00 0.32 1.00
20309,20ee80ee63fe47ce,0.12 0.21 1.00 0.86
15739,0f4110df30dcc9be,0.53 0.42 0.80 0.64
14445,3de2bae4ebb0783a,0.00 0.00 1.00 1.00
3876,000d7ff692356c9d,0.03 0.47 0.62 1.00
14318,45291c6cf9dcb5bb,0.00 0.16 0.69 1.00
39264,022fb5110abe5fb3,0.42 0.00 1.00 1.00
50070,d285fa8215a26fe6,0.45 0.33 0.67 0.80
17055,3346595da3bd605b,0.11 0.08 0.83 0.96
42301,5f5d6d3040b330f0,0.17 0.00 1.00 0.99
42136,ad1acd7adf6e1939,0.01 0.00 0.54 1.00
128,01fa76a2da59f9b6,0.00 0.00 1.00 1.00
36664,005a7de3902139dd,0.14 0.20 1.00 0.78
44216,4f5d209766daf160,0.00 0.14 1.00 1.00
47791,297bd638b97db013,0.19 0.00 1.00 1.00
13806,08a439b8b02d3ee5,0.00 0.00 1.00 1.00
39243,5e53835ca1f94092,0.12 0.00 1.00 1.00
29600,163a7e10dcc73dfd,0.35 0.08 0.80 0.90
46649,07cd7a8a71a52a2c,0.00 0.00 1.00 1.00
44473,0e3d0a9bba344584,0.29 0.28 0.90 0.64
24378,2f37ed708e86371b,0.03 0.00 1.00 1.00
24713,03af4ac1113770ca,0.00 0.00 0.63 0.63
48035,1dbb7e826248d35a,0.11 0.41 0.71 0.71
34795,07ea7d64f5bd6dee,0.00 0.00 1.00 1.00
17840,ee7103b35b9b81df,0.00 0.00 0.70 1.00
49603,02a87c6f1458f674,0.00 0.00 0.64 1.00
40012,5e08c70f504905c5,0.19 0.00 1.00 1.00
25002,a5314557d4570499,0.00 0.00 1.00 1.00
51075,8578ead7a0b92fea,0.29 0.00 0.87 1.00
5295,0096cbc7fe61bc45,0.22 0.40 0.46 0.65
43320,04a3261dc252d4b0,0.00 0.00 1.00 0.64
22689,025f0616cc8285a1,0.04 0.22 0.74 1.00
50807,148ddb063bcf4060,0.15 0.11 1.00 1.00
26037,0dd36ffa458fafd3,0.14 0.11 0.44 0.94
15746,7c0d3ebbbf51d46e,0.25 0.20 0.64 1.00
21517,6bd1c5bd41021a21,0.29 0.00 0.40 1.00
44091,8fe0eb1493e6f280,0.33 0.54 0.61 0.62
19962,0b32899804936f9b,0.01 0.00 0.96 1.00
36422,01ced9fabf20743e,0.10 0.00 0.67 0.91
7515,9afa64ab3b38d13c,0.19 0.00 0.46 1.00
11772,28e109205465da54,0.00 0.00 1.00 1.00
35917,064e880b6a43465a,0.18 0.00 0.98 1.00
32530,4facd4d8e4847989,0.19 0.00 0.67 1.00
25982,14a9ae53f9a9ae2e,0.00 0.00 0.87 1.00
27810,00062363b02e9167,0.26 0.38 0.78 0.79
1234,0f432d60f2be3619,0.07 0.20 0.92 0.78
24477,3946159a24c0a691,0.12 0.00 0.83 0.97
27833,6622832e666dcf54,0.58 0.00 1.00 1.00
36191,ba6eb4ff5fb018d2,0.00 0.00 1.00 1.00
51361,460c8f42d378c2e5,0.04 0.36 0.81 0.83
50119,08998d7bcd2e2077,0.25 0.00 0.77 0.47
22083,101432620e6ece40,0.42 0.00 0.99 1.00
31714,1dfd5c3573f02dbd,0.00 0.00 0.74 1.00
41652,494791eda050177f,0.07 0.00 0.83 1.00
8377,e918c649d2bf50bf,0.15 0.00 1.00 1.00
25010,4edccc0f0c92f36a,0.00 0.00 1.00 1.00
45399,3a7de75ef05adee5,0.00 0.05 1.00 1.00
41329,23abad03a792db50,0.37 0.00 1.00 0.53
32357,2a8d57f5711f0fe4,0.00 0.00 1.00 0.93
6200,1001e8ac2892f067,0.12 0.37 0.79 0.69
40157,059206efb0fe50ce,0.00 0.00 1.00 1.00
31062,11bab03c46d0de1f,0.06 0.32 0.61 1.00
13703,c29c98e4a982d94c,0.12 0.00 0.76 1.00
1788,008e768e8bf8eca0,0.07 0.00 0.79 0.88
22342,0b41b45648ee125b,0.00 0.00 0.76 1.00
39698,029de68f4e33874d,0.00 0.16 0.51 1.00
35439,00fc049ace29a006,0.00 0.00 0.42 1.00
6775,1729e8c1c27932db,0.02 0.00 0.93 1.00
39163,17629295d8719163,0.00 0.00 0.56 1.00
37258,a468d84f3f324110,0.09 0.13 0.91 1.00
33251,0ea386afcf68470b,0.41 0.00 1.00 1.00
15740,3d7ded195b1fd6c4,0.24 0.13 0.89 0.69
18856,05c441fa08467569,0.11 0.09 0.65 0.20
30088,02550dd65595c637,0.01 0.16 0.91 0.97
25767,1e1463ae86da0d95,0.17 0.19 1.00 1.00
42611,028d69459db3d935,0.38 0.28 0.66 0.84
4368,0449488f29ffef78,0.00 0.00 1.00 1.00
49478,813d1e8eb12c5e02,0.18 0.10 0.66 0.85
1690,044dc697780a5d77,0.01 0.00 0.94 1.00
48189,08f6a24271634a3a,0.15 0.23 0.84 1.00
4703,15c20a5fc15a9ef0,0.25 0.07 0.71 1.00
44122,3a53d583cbabde03,0.29 0.07 0.96 1.00
33133,0a50ece4fdf891f9,0.00 0.10 1.00 0.89
701,0250b13e9172cbff,0.07 0.26 0.88 0.91
4485,564f5901827eabb9,0.18 0.00 0.78 0.48
20037,0020b84a2b630e12,0.42 0.00 1.00 0.57
47702,035df548e3a35fa4,0.00 0.21 0.47 0.58
52344,612fd452c5c10658,0.00 0.00 1.00 1.00
8145,39514620969e2941,0.34 0.55 0.62 1.00
53130,e29c2fa2a6256fcb,0.54 0.00 0.83 0.96
42367,5bfbbbc2355da201,0.27 0.00 0.49 0.88
34644,30952fcb8e8ba016,0.00 0.00 1.00 1.00
44718,09729895ca328a80,0.06 0.00 0.95 0.91
11824,046a0a47c7082a87,0.00 0.00 0.81 1.00
28615,051ec2dc211b2212,0.26 0.49 0.90 0.95
280,2017752bd4ce4f94,0.14 0.00 0.62 1.00
26807,0ce4fa2d118f1059,0.03 0.00 0.45 1.00
18744,110835a7b27fd64e,0.00 0.20 0.55 1.00
27608,0274b47dd55b5561,0.26 0.00 0.57 0.83
48588,01060b966e3a8982,0.00 0.00 0.96 1.00
29544,0258deb017d70edf,0.03 0.00 1.00 1.00
18699,02266da79cd3bedb,0.29 0.44 0.61 1.00
51798,027f1c8fbf71819e,0.25 0.34 0.36 1.00
19564,0b31c1ef73e52e8f,0.44 0.00 1.00 1.00
37506,0825d41a382acba3,0.26 0.00 0.84 1.00
36973,207bb185b4e65c72,0.07 0.00 0.44 0.71
38490,0b2a9c137dc5d2bc,0.00 0.09 0.58 1.00
48671,848bb435bd23d28b,0.47 0.19 0.65 1.00
10848,1cb25265b5785671,0.26 0.00 0.90 1.00
20482,43515dd0cf549304,0.05 0.15 0.85 1.00
46116,12ebd9e01e319364,0.26 0.00 0.64 1.00
13465,0036f4d707c4528c,0.17 0.00 1.00 0.92
28697,04381aeb02ba71d7,0.13 0.00 0.75 1.00
35058,00d4c4aa766fa5ed,0.07 0.00 0.89 1.00
51509,bfabed80e1ee8404,0.31 0.05 0.47 0.71
31210,a706e74693be24b9,0.06 0.00 1.00 0.69
19467,2040e72fe013466e,0.00 0.00 0.91 0.45
46111,93992f492ebc41cb,0.02 0.09 0.86 1.00
46797,0073ab49dd02d671,0.12 0.00 1.00 0.97
52331,16a83f2eb51be7fe,0.08 0.55 0.86 0.92
40051,0fa0a34ca1e88ce1,0.00 0.00 1.00 1.00
49920,5a459758a9d2647c,0.13 0.20 0.60 0.93
6274,3cafa20811a54530,0.28 0.02 0.64 1.00
4276,1001f74ab31aeca4,0.00 0.21 0.63 0.77
3431,02396c3758270673,0.20 0.41 0.56 0.62
35604,f9f73aebd0bc69aa,0.24 0.00 1.00 1.00
53346,f62c43aaf26daefb,0.30 0.00 0.74 0.70
25955,1713c260761b2e30,0.07 0.00 0.74 0.94
26809,02a658b9ca9e46a9,0.08 0.68 0.90 0.83
41227,25caf1678a40f700,0.03 0.37 0.88 0.84
18586,072c40001c0cf9ca,0.17 0.13 0.77 0.89
50213,200c66963ed292c5,0.11 0.29 0.60 0.68
47462,0218dbf83a832767,0.02 0.04 0.97 0.97
15646,d3530ce33379005c,0.00 0.10 0.76 0.79
5087,03a376600b533b50,0.00 0.00 1.00 1.00
53006,15eb7ec0802c6510,0.03 0.16 1.00 0.92
35244,0dded8b0f3d6431b,0.00 0.00 1.00 1.00
37877,1e391ffa1d0e32d5,0.39 0.00 0.50 0.26
10947,15df239326456c48,0.26 0.22 0.61 1.00
49267,3233968fa28e49d5,0.01 0.00 0.74 1.00
5678,af1df5b904d63dc7,0.13 0.00 0.55 0.41
51921,23b4e9e17a38ae02,0.01 0.31 0.46 0.96
49263,25efdc4aec1709b5,0.38 0.00 0.63 1.00
34791,05f143e9318f6caf,0.00 0.00 0.98 1.00
10544,9b4f05c4f468a43d,0.11 0.24 0.81 0.74
23442,004946ca63412388,0.26 0.15 1.00 1.00
52548,68196fd1323cc058,0.02 0.00 1.00 1.00
47216,04d839d1f95915ff,0.02 0.00 0.79 1.00
24687,0559a6a75472a764,0.29 0.00 0.70 1.00
28284,033b881eddc74380,0.64 0.00 1.00 1.00
41318,c34d180b0240f973,0.41 0.37 0.90 0.96
10303,acfd5750907672d9,0.50 0.00 0.77 0.51
25694,093c7c6bcf64e450,0.00 0.28 1.00 1.00
45834,38fbd13d4766df2b,0.18 0.44 0.68 0.65
26695,1f2f763d65ff8f99,0.02 0.19 0.90 0.98
11610,0e327127a010041a,0.00 0.00 0.85 0.90
22630,2f590ceb27d10abe,0.15 0.12 0.80 0.91
23956,411835bbca0f62c8,0.20 0.00 0.45 1.00
16912,40204b6b76fdda8a,0.38 0.61 0.90 0.82
5304,d50b45b68dd8ec99,0.14 0.36 0.72 0.92
19738,09913630d9dbad35,0.45 0.00 1.00 1.00
25435,895b8abfe9b842b6,0.00 0.00 1.00 1.00
3193,08b5c76786376803,0.00 0.00 1.00 0.90
14596,062de92fd1d550bb,0.15 0.00 0.70 1.00
4413,383043b587c2e4cc,0.18 0.05 0.91 0.80
26272,06a4863f2478cc26,0.00 0.00 1.00 1.00
19667,4b33f834c2b642c4,0.24 0.63 0.84 1.00
21967,04abc19694f0c664,0.03 0.21 0.70 0.83
50039,0238a2760266e047,0.00 0.09 0.80 0.84
18304,28c058dd65743c6e,0.00 0.00 1.00 1.00
26655,01609c286fb1214d,0.18 0.00 1.00 1.00
7231,46148eb5a6daa1ad,0.07 0.19 0.82 0.77
28752,46085c9af1f30181,0.00 0.00 1.00 1.00
4425,4870c0032d4f3eb5,0.00 0.00 0.46 1.00
30546,b93661df39827b61,0.24 0.43 0.55 1.00
49315,161cc1799f093aae,0.00 0.00 1.00 1.00
38137,274ec6a8c62dee33,0.25 0.07 0.82 0.97
14245,241b42f9acbc6b14,0.04 0.00 0.89 0.76
10041,1f36241e6b60cae3,0.47 0.09 0.98 0.43
47808,0e1faf7c6c38683e,0.11 0.00 1.00 1.00
42062,6f570e8625eb8d4e,0.22 0.14 0.74 0.68
1298,306bd033937e636f,0.08 0.54 0.47 0.81
36110,164e883e0794e445,0.27 0.37 0.75 0.67
9359,02dfcc25dc6e0cda,0.00 0.00 0.96 1.00
3380,8dfcb10e8061a34e,0.00 0.00 0.89 1.00
8845,87a67eb7d250dc00,0.02 0.00 0.52 0.65
18115,930c5111035448c9,0.29 0.27 0.47 0.79
29972,01ff375ad23bf8f4,0.00 0.00 1.00 1.00
2398,04a8d04dbd280385,0.00 0.00 1.00 1.00
3668,02ea7ec441d282ea,0.06 0.00 0.92 1.00
45727,005ccd28af7e570d,0.00 0.26 1.00 1.00
2814,484a6a5e6baf7839,0.00 0.00 0.51 0.57
39095,8dbee005ece3f1fa,0.00 0.00 1.00 1.00
14119,6fcd9f8afb42f650,0.00 0.00 1.00 1.00
1901,0dcc8b0856434aff,0.17 0.02 0.71 0.87
21539,0546632a2ff348f2,0.09 0.44 0.80 0.54
18947,2528aa571346880d,0.15 0.18 0.82 0.84
47743,14360494e89937e8,0.00 0.00 1.00 1.00
42038,18b1bde127a3d400,0.29 0.00 1.00 1.00
52918,04d5a2ca96f4eb90,0.06 0.34 0.76 0.83
4777,c1bd11f0b46176c4,0.19 0.12 0.92 0.56
23402,5aba95be32f72f3c,0.02 0.03 1.00 1.00
50339,0298716bd19fcf9e,0.09 0.00 0.84 1.00
22354,705c9c55ab5a8a99,0.00 0.00 1.00 1.00
40897,d7c8d695d87dcd4a,0.00 0.05 0.92 0.43
33701,e47fe9139802cf72,0.00 0.00 0.60 1.00
44599,110f205b23d7ba20,0.00 0.34 0.94 0.68
35195,040e74f6c5184922,0.24 0.10 0.61 0.75
42,0e8209b12624d5fa,0.29 0.32 0.58 0.88
22965,208eb7faf44da0ae,0.43 0.00 0.62 1.00
26564,253faf4390afa35b,0.05 0.01 1.00 0.97
41447,54e1d50e93723ebf,0.00 0.10 1.00 1.00
37635,440eb8df94d79070,0.00 0.00 1.00 1.00
8797,27477558bd07d9dc,0.07 0.31 0.87 0.54
17578,1b6ef914333cbe4a,0.11 0.10 0.81 0.89
32582,3347ad5b6ca6e792,0.12 0.11 0.61 0.87
5564,0003305d15f332dd,0.26 0.00 0.68 0.72
39009,3ed21d8f96937447,0.10 0.13 0.30 0.90
5301,0a41e13d8b5fb189,0.00 0.00 1.00 1.00
7794,00da1720617fd794,0.09 0.00 0.65 1.00
40741,00615eb810ab8f8b,0.15 0.00 0.92 1.00
18779,0653ea13af341066,0.15 0.01 0.47 0.93
31143,e7618fcbeea403ce,0.09 0.00 0.37 0.78
15958,0d55f7bde5523cbc,0.13 0.00 0.87 1.00
13391,012f99793294e2ee,0.04 0.49 0.38 0.65
53537,0c21a601d88322ef,0.08 0.00 0.34 1.00
14316,3fb85eabbb7ba4a5,0.45 0.06 0.69 1.00
6971,0e3b6d4caa059f44,0.00 0.04 1.00 0.90
23221,27e0f3f8179c7a68,0.13 0.36 0.87 0.73
50977,6677679286c516e1,0.10 0.00 0.95 0.87
46346,345e7b6f396f1be8,0.10 0.00 0.95 0.86
9749,059c0ed92511e6d2,0.20 0.23 0.69 0.59
6113,0803977ebea0a8d8,0.50 0.35 0.81 0.78
24026,0103cf80d7d18fdf,0.00 0.33 0.81 0.84
5935,913bc77000e6089d,0.05 0.00 1.00 0.94
35302,0015a2c3d7a75dcf,0.32 0.15 0.93 0.92
45459,07eeff9e23314675,0.13 0.15 0.84 0.89
10102,56d9a69da8780584,0.11 0.00 0.78 1.00
46864,23219fc0889270f7,0.14 0.03 0.73 1.00
16054,01e231b7d5378e6d,0.35 0.07 0.51 0.99
7788,45aa2cca6f75c77a,0.15 0.00 0.73 1.00
2178,282d09922928880a,0.15 0.12 0.64 1.00
39448,4e5e5b4925a79edb,0.00 0.00 1.00 1.00
50207,17bbde6584449bb2,0.29 0.71 0.46 0.93
21564,3c17c7ba479c5e15,0.00 0.00 0.85 1.00
36738,6ddeeab62a3e286c,0.20 0.18 0.86 1.00
53197,2793321fdbfef68c,0.00 0.25 0.59 1.00
45306,f956c8fd34abc230,0.00 0.00 0.59 1.00
37200,51e94ab55af9782e,0.00 0.00 0.86 0.87
26723,01b398e4d55a0131,0.13 0.00 0.54 1.00
47969,005684071d827e4e,0.00 0.00 0.64 0.95
50730,313bdd5b7dbec4ad,0.06 0.00 0.86 1.00
17937,3d704e84691aed5c,0.11 0.69 0.31 0.92
38360,ee859b397a9af6f6,0.06 0.00 0.76 1.00
16922,1c5b032285a80302,0.02 0.28 0.87 0.71
850,ba007670a7f184da,0.03 0.00 0.50 0.50
15569,15ec1efec0e612a0,0.00 0.00 0.93 1.00
30788,93ec20645d3d8be1,0.00 0.27 0.95 0.95
11869,bd6ee3082822c7ce,0.00 0.00 0.90 1.00
38300,1cc2e5c0ca5e4edf,0.29 0.00 1.00 1.00
38874,0c757d18f2020e4e,0.11 0.00 0.83 1.00
32474,01fecaa6fd95336a,0.07 0.00 0.79 0.95
50679,aabbd1c3b5e3287f,0.28 0.00 1.00 1.00
11607,9493742dea3152b3,0.18 0.00 0.74 1.00
5025,15c493bde40d1f9c,0.30 0.00 0.81 1.00
52923,80fd6770e13b147b,0.00 0.00 1.00 1.00
33109,076e8bbc12b4cc7d,0.00 0.05 0.72 1.00
52300,01c222ffdd87265f,0.12 0.00 0.35 1.00
22981,009746de90bbd77b,0.18 0.20 0.81 0.78
24075,07cfa8d619fbab56,0.07 0.07 0.39 0.82
40774,aafb18dfb9e382a9,0.00 0.00 1.00 1.00
50685,69693244d287c538,0.42 0.19 0.54 0.87
31008,751fd94d86309247,0.01 0.00 1.00 1.00
45564,11f15b3f1f5ef15a,0.36 0.00 1.00 1.00
31119,b407028665e9bc8a,0.06 0.07 0.95 0.94
13271,3599538a30d3a8f6,0.05 0.00 0.77 1.00
11379,1bb710f5ed778b36,0.44 0.16 0.73 0.75
38839,92ecff70d101baf0,0.00 0.00 0.79 1.00
36229,0b19fab3bbd84b6f,0.16 0.00 1.00 1.00
1808,0d6edccad26dec80,0.07 0.27 0.46 0.95
47519,3bd3c83c44785c8c,0.16 0.00 0.88 1.00
12076,1803c25428f8a637,0.02 0.15 0.93 0.91
389,049b2a7e0a6cf398,0.10 0.13 0.75 0.80
27818,47d502c3065d46df,0.20 0.24 0.64 0.30
42389,1ab10888784f4396,0.02 0.00 1.00 1.00
11473,6f49f0dcbd2caf73,0.18 0.00 0.81 1.00
46524,0eccbe8baa446b67,0.08 0.00 1.00 1.00
31429,168c9e2918abbca3,0.08 0.00 0.73 1.00
6985,011a5bb0721fa7eb,0.00 0.00 1.00 0.81
43085,51db9553e0cbcd2e,0.00 0.00 0.81 1.00
32675,1500d20bed276240,0.12 0.10 1.00 0.81
12866,52d56ffa920526ce,0.26 0.04 0.88 0.95
8201,3ddbf45f23293ac0,0.00 0.00 1.00 1.00
37804,829acf70db179093,0.05 0.00 0.93 1.00
35273,58aea453d2207be0,0.00 0.00 0.90 1.00
8877,872c90095b4e03f0,0.00 0.18 1.00 1.00
2646,c0e68da5bc2ef2c0,0.28 0.00 0.71 1.00
34556,371cd515f96c4e66,0.00 0.00 0.69 0.95
52718,243352180ac7d076,0.08 0.00 1.00 1.00
29298,140fbc26a46f5e05,0.03 0.15 0.97 0.87
17104,88b6bd35147b9ae5,0.30 0.08 0.89 0.95
9362,05dec4e2633e01d9,0.27 0.04 0.57 0.30
4128,175d4bab23775591,0.09 0.00 0.54 0.75
40554,7da11bd5a8de38c7,0.03 0.00 1.00 1.00
16698,91f2ba29fa3add93,0.19 0.00 1.00 1.00
12290,90e6d6b39f735236,0.20 0.00 0.85 0.72
17340,073268e41760ba6f,0.21 0.10 0.39 0.92
8143,025d6aa732bb6b9e,0.04 0.01 1.00 1.00
52023,c90eb858114dc704,0.05 0.18 0.38 0.27
35609,0a8fce30ce2cc2a6,0.20 0.10 0.79 0.87
45740,01636ca6b7a8d7e2,0.07 0.00 1.00 1.00
1604,2058e3a4a6559776,0.02 0.23 0.89 0.88
41398,17b6c7a7bd9c02f7,0.17 0.01 0.68 1.00
30625,8d99ec0cc4e1f21a,0.00 0.00 0.97 1.00
40120,6b0150ca8a146984,0.08 0.14 0.94 0.87
26361,c70531729c8ca6da,0.02 0.40 0.79 0.69
3368,0f0ea16d8cca497b,0.00 0.00 1.00 1.00
10973,6dc3f82826e363f7,0.02 0.62 1.00 0.86
23907,fa64cd88d45312fb,0.00 0.00 1.00 1.00
38037,01fdab4665527fd8,0.00 0.12 0.84 1.00
4849,efee7ffb3c1fef5d,0.00 0.00 0.90 1.00
50055,098131b9138cf94e,0.16 0.19 1.00 0.92
11420,13783da19cadba2d,0.03 0.29 1.00 0.71
41073,0090708a5ff3025d,0.02 0.10 0.95 1.00
31546,00c34d90e6eff88b,0.38 0.00 0.95 1.00
32363,16050bcbfd53c4ad,0.00 0.00 0.90 0.96
19344,0303ced90edf8209,0.32 0.05 1.00 1.00
33545,00e8ece7a2a8818e,0.19 0.00 0.67 1.00
11044,00fb450622785388,0.00 0.26 0.82 1.00
27149,01bca3769106ba0a,0.33 0.00 0.56 0.86
43252,0a99d0cf20baf10c,0.00 0.00 0.87 1.00
43698,420360e50adf3047,0.06 0.05 0.82 1.00
29629,02e65f0fa4bead70,0.01 0.09 0.98 1.00
20430,017bb9f256a7c435,0.15 0.00 0.53 1.00
31757,0a6f33c88b232157,0.07 0.04 0.78 0.99
31773,088a90598a396ce3,0.00 0.18 0.93 1.00
16242,260ed69d175fcb97,0.42 0.26 0.86 0.74
24144,167fb7e9d018e18e,0.15 0.00 0.99 0.79
41526,13aeab0eeed1d5d9,0.00 0.22 1.00 1.00
27944,023d1927c164bd7b,0.07 0.00 1.00 0.72
38979,a61659185a0a01c9,0.06 0.15 0.70 0.84
40581,13c972b773e9e74f,0.00 0.07 1.00 0.92
11599,168924589a3ca468,0.08 0.19 0.40 0.62
25564,00b14651f33f90c8,0.06 0.00 1.00 0.62
40579,1025392baa8b4bf9,0.37 0.00 0.82 1.00
52231,0370d6f5ba61df33,0.24 0.04 0.63 0.96
11792,c989c05ed1db767c,0.00 0.00 1.00 1.00
36356,00391507b606324f,0.31 0.17 0.61 0.63
45462,b9ccdbb01e16f781,0.05 0.10 0.74 0.90
10883,8b6bf48e7e0ba82f,0.05 0.00 1.00 1.00
10298,a981679a179da1e7,0.23 0.00 0.54 0.87
40730,0d342394e676427e,0.35 0.00 1.00 1.00
22569,bc24ce3c12aad7c1,0.45 0.00 0.65 0.87
13663,5f1efa80fe4bfc1f,0.00 0.04 0.94 1.00
23014,14162225cf164794,0.25 0.00 0.63 0.92
3857,8926317887566f11,0.08 0.00 1.00 1.00
16729,1fef53c36a9d25cc,0.07 0.00 0.95 1.00
33019,06b9f13567ef4e4d,0.06 0.17 0.86 0.88
23599,0c3b6ba27bba847c,0.44 0.11 0.67 0.81
36079,09942ea3ad2eb2ff,0.38 0.00 0.92 0.70
36853,89d8404314fafb5e,0.04 0.32 0.75 0.67
50657,0b3dc968f51177f3,0.31 0.32 0.47 0.39
3058,4e345e59fdd2fe6e,0.06 0.23 0.75 1.00
5923,473a39ced2a99af7,0.17 0.17 0.76 1.00
25390,288995439b259212,0.08 0.22 0.70 0.77
29858,1cb890e742ad2a5b,0.00 0.50 0.50 1.00
43812,5ce4d67331a65a60,0.05 0.24 0.55 0.87
23678,1f84e4a965d21751,0.20 0.50 0.82 0.66
51708,f9b8fc0e08135b3e,0.34 0.28 0.64 0.39
4063,445ce37767c101e7,0.00 0.00 0.72 1.00
4994,552a3c3b34a57761,0.01 0.00 0.60 1.00
40733,ef68cd354ee10ad2,0.04 0.18 0.92 0.95
31533,97e24a6616cc83a6,0.00 0.00 1.00 1.00
13981,b1811fc95227f507,0.16 0.00 0.60 1.00
24139,5f8108c2eb341bdd,0.19 0.03 0.98 0.98
224,0155d1e969bbc708,0.07 0.07 0.76 0.97
3719,1e9f06829bf46566,0.25 0.00 0.82 1.00
3204,00ce464b850ae9a0,0.29 0.49 1.00 0.62
33767,114d0005447d4194,0.00 0.00 0.91 1.00
14477,6791ff8145d82b1e,0.33 0.00 0.71 1.00
52239,dc9b00180dfdd734,0.12 0.19 0.81 0.96
37749,373598474dcdf346,0.06 0.34 0.84 1.00
5289,3e1a6e528fd93dff,0.43 0.00 0.66 0.96
50170,c3499993766b0784,0.31 0.38 0.70 0.85
33236,0d207ab3742cdef9,0.00 0.00 0.72 1.00
12797,4240460edbba0bcc,0.00 0.00 1.00 1.00
25917,c2e03642d43322a3,0.00 0.10 0.39 0.78
11795,0d7dd1b44cb57074,0.00 0.13 0.48 0.96
1936,a9e733df407d3c00,0.09 0.00 0.48 0.30
35512,135e778889495a43,0.02 0.00 1.00 1.00
31385,bd054d9a5fbe3a05,0.00 0.10 1.00 1.00
52413,53d83e66f93e96a6,0.15 0.04 1.00 0.84
14706,0677014316eba976,0.12 0.13 0.66 0.95
9695,ab7bbc9244724177,0.04 0.00 0.90 1.00
11026,0ff8847b8f3a8247,0.33 0.64 0.46 0.68
30634,c0682e020e7a522e,0.00 0.19 0.78 1.00
43674,0b8a492cfe73848e,0.00 0.00 0.91 1.00
14422,f8d50b565dfc6793,0.30 0.00 0.82 0.93
26881,25a92f3b40c69cd6,0.21 0.08 0.48 0.86
18141,00c0d71a14a4823d,0.12 0.05 0.37 0.67
12937,0028d075017bff31,0.22 0.00 0.73 1.00
44614,00e0ebff8b6dbce4,0.32 0.28 0.66 0.70
41827,7fddd336dbb78773,0.00 0.00 0.71 0.85
46749,5296540d63f7d9a5,0.00 0.00 1.00 1.00
10647,04dbb5dda9188cac,0.07 0.14 0.97 0.90
18019,007bef6a9114b50d,0.03 0.00 1.00 1.00
32887,1b69d05400ea8f8d,0.00 0.20 0.28 0.94
1824,16b43d31a8bd61ca,0.18 0.25 0.74 0.40
28946,0b7000f5d11d4c60,0.00 0.00 0.78 1.00
28102,3762bb919f30b1ba,0.73 0.00 1.00 1.00
7372,ab161a54d206295d,0.00 0.00 0.86 1.00
42223,0f78c18d3fc177a2,0.08 0.22 0.86 1.00
18466,01558f91ad29733a,0.06 0.00 0.34 0.51
7953,6be62dbcce4e5590,0.27 0.00 0.84 1.00
22645,0ed558f6316449f3,0.27 0.34 0.58 0.77
34902,90b0cfc01d5743d0,0.05 0.00 0.67 1.00
14466,0e733eda3b0c100b,0.17 0.45 0.34 0.57
19042,02c8838438b0ea76,0.00 0.50 1.00 1.00
49015,36ee192f59955aae,0.00 0.00 1.00 1.00
28785,549ea35b7b9686c7,0.48 0.00 1.00 1.00
9222,1cef102c2918edcf,0.00 0.00 0.79 1.00
16889,18da51cebc9ac8ed,0.00 0.45 0.78 0.76
4203,594495edef9ce15a,0.00 0.00 0.94 1.00
21510,19b4d363c305bf8c,0.04 0.39 0.78 0.69
34645,08a6e7175162e27e,0.34 0.15 0.77 0.84
49410,01321ac5fbd110ef,0.44 0.31 0.73 0.67
36924,0072dbff25f5ccc6,0.18 0.29 0.47 0.76
20284,ccb657a486374eb3,0.06 0.00 1.00 1.00
45547,ca5b6ef4351b489b,0.00 0.00 1.00 1.00
4073,1a1a9b3d35ee8c2f,0.22 0.13 1.00 0.73
32876,0a43b5f1941dddc2,0.56 0.00 0.95 1.00
25480,3cea79508a874926,0.11 0.00 1.00 1.00
40915,0d80eecde515da1c,0.00 0.12 0.50 1.00
43117,50dcd4696cc41f73,0.10 0.21 0.68 1.00
43005,17136ae4ff2df529,0.00 0.14 1.00 0.93
8703,346a5558f67b8246,0.03 0.24 0.97 0.60
8821,853f6e7364378949,0.16 0.27 0.89 1.00
10687,0e021d3c45b9c483,0.13 0.18 0.83 0.82
50622,0d390ba4e5cb458d,0.24 0.31 0.63 0.71
36389,05a6ecf88af2cebb,0.00 0.22 1.00 1.00
12659,4671d77bc93e76df,0.13 0.23 0.81 0.89
22481,3d380604e955f78d,0.00 0.00 1.00 1.00
28250,81ed38a7808d8be1,0.09 0.00 0.37 0.67
41600,1360f1e10e81acb5,0.42 0.00 1.00 0.20
50496,04675662df7edb71,0.00 0.35 1.00 0.81
50935,3db06a6d1a7b5cd8,0.00 0.00 1.00 0.97
6963,05c2e9f7face5cba,0.45 0.14 0.59 0.19
9022,029e2ce31ea1f2df,0.34 0.21 0.78 0.73
36780,1950658e49e364a7,0.17 0.34 0.96 0.69
53322,84d0e464e6290d31,0.00 0.00 1.00 1.00
14527,4337b7a08da66994,0.41 0.00 0.70 0.34
33908,6819c4a7ee467877,0.20 0.03 0.96 0.99
17038,3938a2fa62451f45,0.06 0.31 1.00 0.67
37866,01b6370e6b71560c,0.09 0.00 0.81 1.00
36474,84c298a0661894b5,0.05 0.50 0.64 0.91
41384,51160a4efa1b86fa,0.03 0.17 0.90 0.75
25700,0530ed6b0ef3d551,0.00 0.15 0.97 0.97
21279,577411af168999b2,0.02 0.08 0.84 0.92
17933,0ae00cba2469c4ac,0.00 0.13 1.00 1.00
27532,c30345cf96d69730,0.19 0.00 0.65 1.00
42021,083935ce1baa8019,0.06 0.04 0.38 1.00
36256,eb22a3d54132ce96,0.39 0.00 1.00 1.00
25918,11d18bd4739d904d,0.32 0.00 0.79 0.99
56,3861c08aa7f1c448,0.29 0.03 0.88 0.73
28293,395fd19c7a0afd72,0.23 0.22 0.89 1.00
50718,100367c17f0362ad,0.20 0.30 0.47 1.00
50728,18447398315c3648,0.00 0.00 1.00 1.00
23815,7415d3eb325e1ac1,0.10 0.00 0.80 0.93
6638,022b56bbebf98a3e,0.00 0.12 0.98 1.00
40469,0826093d0b361657,0.00 0.00 1.00 1.00
31832,0441e6127ce498dd,0.13 0.00 0.95 1.00
25474,0140cd61d86ac471,0.00 0.00 0.72 1.00
3942,438d5f76e93c83a0,0.00 0.00 0.82 0.72
41631,1605f64280dc57d2,0.21 0.00 0.79 1.00
47665,44227252643bbd33,0.00 0.00 1.00 1.00
33899,02c995439c6afdfd,0.00 0.28 0.32 0.55
31440,24b824bbf9cadc9f,0.00 0.00 1.00 1.00
9016,323493f53fc970f6,0.03 0.00 1.00 1.00
7909,0dd8e91d429442d5,0.00 0.00 1.00 1.00
30336,36122053eee175c3,0.07 0.31 0.47 0.67
48503,6d7647ee108e7d6e,0.00 0.00 1.00 0.97
43774,13061ada1b23e12d,0.06 0.00 1.00 1.00
38961,00029b3b3b7b8e9d,0.18 0.59 0.47 1.00
48520,187e7a535e672fe1,0.05 0.23 0.87 0.79
4719,03ba4d3c6edc078f,0.03 0.00 1.00 0.42
31205,7a9e94cf25e2b6b4,0.01 0.10 0.93 0.86
43000,73d252ac6c221412,0.17 0.00 1.00 1.00
22451,e77ea8ec0ccb46cb,0.00 0.00 1.00 1.00
26200,36d4ceea41706c83,0.00 0.00 0.75 1.00
44056,d2db2aa68c27b830,0.13 0.00 1.00 1.00
41752,006065b68df8ba91,0.48 0.09 0.69 0.51
4210,0082e6c2c21ca5fa,0.10 0.13 0.65 0.94
28405,52510afd258e8e49,0.00 0.00 0.99 1.00
41900,ccb26487de78aad0,0.00 0.00 0.97 1.00
28393,04465f53e8949f75,0.00 0.00 0.95 1.00
10468,1d71de9ddeae31bf,0.09 0.17 0.88 1.00
31642,086f9a0e7586626e,0.00 0.00 0.40 1.00
50506,0b032ed506ba3f67,0.00 0.10 0.77 0.60
29856,78a8b4b01fc28687,0.17 0.30 0.71 0.57
6907,28ed454643f0f2df,0.00 0.19 0.76 1.00
47583,bc2c5d82fcec68d6,0.14 0.24 0.85 0.92
11381,29b70b9fe4ed81c1,0.00 0.08 0.49 0.60
52774,12d6d6b753d839b6,0.22 0.14 0.66 0.64
31478,228e67461f19020f,0.08 0.20 0.93 0.85
9527,007001675ccb539d,0.14 0.24 0.36 0.62
23928,8b7926dcc904e8ee,0.32 0.23 0.88 0.53
51377,cb30ff98eac6fc23,0.07 0.00 0.95 0.90
11431,91889e4da90811d3,0.15 0.00 1.00 0.71
46958,42ea5d24b277ddb0,0.00 0.00 0.83 1.00
42234,acb7d655eb037fa2,0.39 0.00 0.74 1.00
41130,6affbefc5320b5e9,0.39 0.00 0.87 1.00
10286,107eb3060a420c25,0.24 0.02 0.48 0.79
2828,4035dcd3f22abbd3,0.09 0.00 0.96 1.00
43949,2084a817a6a23d4a,0.34 0.00 0.79 1.00
35057,5bcf5d2192f8c9d5,0.12 0.27 0.78 0.68
23441,8af5297bbc90c2c7,0.00 0.00 0.93 1.00
2423,014496af5010bcea,0.33 0.00 0.87 1.00
4423,1a65d0962caf565a,0.04 0.00 1.00 1.00
51941,5e2b27411dbc6245,0.16 0.00 0.89 1.00
30273,0a8dc33062fb6ade,0.00 0.06 1.00 0.93
322,24a27594701114fd,0.03 0.00 0.72 1.00
49510,115221afa68aedc6,0.18 0.20 0.87 1.00
35096,b38d90e7fafb9a91,0.40 0.10 0.58 0.90
10364,2b3076920764afea,0.20 0.10 0.46 0.35
38903,938d2b875af82ece,0.04 0.07 0.64 0.51
29884,550d5fdb7a62ce7d,0.40 0.00 1.00 1.00
50325,01d170266c03194c,0.24 0.37 0.88 0.49
45494,0f477209a924354f,0.18 0.14 0.81 0.83
14131,9ff79c617c6d2303,0.26 0.13 0.74 0.85
36772,bfef2410c2918fd2,0.04 0.00 1.00 1.00
46703,0e6a11862aa5e1ca,0.30 0.00 0.72 1.00
12426,739c9e70756550ce,0.23 0.00 0.57 0.87
51091,1d842ec1e8763f37,0.09 0.11 0.87 1.00
52113,5b58ad3b17864e19,0.00 0.00 0.90 1.00
9578,0952d505ad0a1eab,0.06 0.03 0.69 0.74
3542,b76c150f8337816f,0.00 0.14 0.85 0.78
4696,f968e5b8c4aa5338,0.00 0.00 0.76 1.00
47219,9b2a52eb400b19ab,0.00 0.10 1.00 0.95
49765,354c91e3da03b2f2,0.05 0.07 0.77 0.95
50800,02f76a47f5d3c95c,0.54 0.31 1.00 1.00
28169,0a00bb5f939d564d,0.00 0.00 0.91 1.00
35848,8bd4d8f29c04ac85,0.18 0.00 0.82 1.00
20654,0fcd4f31cfa77997,0.06 0.00 0.74 1.00
4221,b24a5e62f33b2e2f,0.00 0.00 0.95 1.00
16482,282556fce91deea3,0.06 0.00 1.00 1.00
19631,56587664ca0d1e7a,0.11 0.00 0.78 1.00
2600,5aca89e2c73eb166,0.36 0.29 0.52 0.39
14450,067dd27d4d80353c,0.19 0.00 0.86 1.00
16135,15927ba7314250b3,0.00 0.00 0.88 1.00
43034,2531a373538d9727,0.21 0.00 0.80 1.00
39071,29c67e4f990bdcfc,0.15 0.14 0.88 0.88
31166,215a3051402f71c1,0.00 0.00 1.00 1.00
9748,0918533401563e1b,0.00 0.14 1.00 1.00
17976,28524d45c1983264,0.00 0.01 1.00 1.00
44941,34b7b3a0052f27dc,0.00 0.00 0.95 1.00
28465,50b2f08175e84bc1,0.27 0.00 0.78 1.00
18967,6d1031471c0e9257,0.08 0.00 0.46 1.00
52245,063b18968966491e,0.00 0.00 1.00 0.91
25497,49eca996b9dd2ce1,0.01 0.04 0.80 1.00
31989,09dec49522e18001,0.04 0.35 0.59 0.79
17351,224e9f9456027104,0.11 0.00 1.00 1.00
43154,6610f36dc73d15c7,0.13 0.00 0.42 0.75
22001,50e33bd75b0fc2fa,0.08 0.01 0.85 0.95
28940,d17e84f78862ba01,0.17 0.00 1.00 1.00
50983,355d64ec324ac474,0.28 0.00 0.83 0.89
23560,2c6868d7602fc601,0.05 0.59 0.55 0.77
9558,0c6dc4bb883f3273,0.00 0.00 0.99 0.92
38738,02f01385cd4db475,0.06 0.18 0.82 1.00
48965,8c5d4117928c195d,0.14 0.00 1.00 1.00
28396,268dee32e2d5cd09,0.16 0.43 0.61 0.66
12854,71dbbb43a1da0f62,0.13 0.07 0.66 0.91
21484,38318c77a1ce4f04,0.19 0.00 1.00 1.00
9273,04c859062f1bbd40,0.09 0.00 0.75 0.94
42027,449589fd95cc1df6,0.29 0.00 0.90 1.00
8384,3d905da9b6216115,0.36 0.14 0.73 0.90
20424,0ce72e4aa1320c3b,0.00 0.00 0.75 0.83
3352,86c3d1d6f79f7738,0.13 0.14 0.84 0.65
21971,238c7fc7cce10069,0.07 0.00 0.72 1.00
39031,18ec2068c1f7c48f,0.00 0.05 1.00 0.97
39187,a9aea8bf300fc84c,0.00 0.24 0.83 1.00
17025,059e0617034bea9b,0.00 0.09 0.83 1.00
36524,0c73b93d331b4e07,0.01 0.00 1.00 0.78
15084,8023da27768819dd,0.39 0.34 0.59 0.70
49790,0011c5c2a0943595,0.00 0.07 0.69 0.72
26491,054bdd67efdd0b05,0.25 0.00 1.00 0.94
51247,10bc5fe348515367,0.62 0.44 0.73 0.54
30605,8d78e380a1e44154,0.03 0.00 0.69 1.00
52508,24bfdcf541e74ab5,0.00 0.23 0.66 0.73
36719,52bdbd70f86eb390,0.04 0.13 0.75 0.92
45694,f2582d80bfc6228b,0.09 0.79 0.45 0.89
15433,548827e108863f9d,0.00 0.00 0.87 1.00
7905,0196af01670e5476,0.02 0.00 0.89 0.77
40229,2502fb755b4166e7,0.16 0.00 0.87 0.99
6784,226ec6687d9909dd,0.36 0.17 0.73 0.87
46833,3067f4666a5fd71c,0.00 0.00 0.98 1.00
9446,08f6f816fbcecdf8,0.12 0.15 0.21 0.94
2598,03741f0c1cfd2c11,0.00 0.00 0.99 1.00
45038,e9b281f2bb0917a0,0.02 0.00 1.00 1.00
49303,1349c64571fc445d,0.02 0.00 0.94 1.00
40850,1350f433a4e2afaf,0.00 0.00 1.00 1.00
4831,5be047cee984c43f,0.26 0.29 1.00 0.52
24889,0534ce998d82e8a0,0.35 0.49 0.85 0.77
18773,278e51f66c0c068d,0.17 0.48 0.78 0.55
46791,22102d561b1a9bf6,0.15 0.21 0.73 0.95
42899,28e1da6a94cdb9ee,0.41 0.01 1.00 1.00
42396,1aa961503f9983ca,0.29 0.33 0.67 0.66
30679,01108b6b0d1f524c,0.42 0.11 1.00 1.00
14493,e14e8890503a1cdc,0.25 0.00 0.66 0.99
14539,028b88495c8e1d7f,0.01 0.01 1.00 1.00
51182,0c76c31f4346ea79,0.00 0.08 0.60 1.00
29103,05d877cae5f4f6a0,0.00 0.00 0.58 1.00
42121,04a2f5be3211319e,0.00 0.00 1.00 1.00
5703,04021eebefd58d0d,0.06 0.02 1.00 1.00
14397,69b516b0def0cfab,0.15 0.36 0.80 0.77
35590,2c06f6232aa1aad3,0.17 0.12 0.81 0.76
6111,a2e1917fdcb72095,0.00 0.00 0.86 1.00
3900,37ef75655c508141,0.00 0.00 0.65 1.00
22600,205658a681f0dbc2,0.05 0.00 1.00 1.00
44265,05be52e8a0f0edba,0.01 0.07 1.00 0.76
11218,45cd2eeffeee8d53,0.00 0.00 0.74 1.00
25858,00acc672a82b3bbf,0.30 0.00 0.61 0.89
22493,488cc02694074933,0.21 0.02 0.88 0.94
4008,269792b85c32f225,0.11 0.27 1.00 1.00
41143,12699810effaeca3,0.06 0.00 0.80 0.53
49271,6b55338f27791c37,0.00 0.00 1.00 1.00
3201,0e840011cf41b6d4,0.14 0.00 0.88 1.00
39889,428660a6cb7f1f6b,0.00 0.00 1.00 1.00
9611,04f291116cd3de03,0.06 0.00 1.00 1.00
9880,15fcf0249c0962a4,0.38 0.23 0.63 0.96
10044,2f43b02f7080c425,0.16 0.00 0.54 1.00
37069,15c4ea6153b79d70,0.25 0.03 0.73 0.94
46237,0311ccf61c2fe783,0.03 0.00 0.82 1.00
27063,35faa3d1dcdcbc55,0.24 0.00 1.00 1.00
9998,7667940e1cb22d58,0.00 0.00 0.80 1.00
14669,270558a5e37eba74,0.08 0.20 0.94 0.75
2934,00dcb85640c758f2,0.00 0.34 1.00 0.77
10116,eabe6cc47aa437a2,0.10 0.00 0.57 1.00
11652,0ccfd9486a00bc5b,0.04 0.00 0.91 1.00
11665,02424b8c2147dc35,0.00 0.00 1.00 1.00
37274,21a88ee3d8e089a7,0.07 0.00 0.90 0.91
17913,59859408cc56a990,0.02 0.06 1.00 0.82
37795,10b29dac95461448,0.00 0.00 0.77 1.00
16322,04029f8971f569ac,0.00 0.05 0.82 0.96
1591,0dbd740841e5557e,0.04 0.00 0.56 1.00
41029,02e63e0889a48531,0.01 0.13 0.52 0.84
5265,1794b8d8cea9a548,0.00 0.00 0.86 1.00
7473,1aeda375707fe6bc,0.22 0.12 0.75 1.00
24326,c5ce22e14217832b,0.54 0.41 0.95 0.97
42550,4e65557a2f6dccf0,0.05 0.12 0.85 0.78
12126,089b6a7203ee637e,0.08 0.35 0.80 0.67
26611,4fc02a17dddea30e,0.03 0.00 1.00 1.00
7175,72b15e73fd1e191e,0.00 0.00 0.45 1.00
20379,20662c81f8e9127d,0.12 0.00 0.73 1.00
53305,1db6a867ebfdc447,0.02 0.00 1.00 1.00
32820,0054f444b436a53e,0.00 0.00 1.00 1.00
7170,ab53ead0b7fc10c3,0.15 0.22 0.73 0.84
52972,13ae4835aa50931e,0.17 0.00 0.75 1.00
43234,04d835e602943638,0.12 0.30 0.95 0.94
53745,03c441b74550d5ef,0.59 0.45 0.73 0.67
5247,02ac7cdae8c2a0a3,0.11 0.21 0.83 0.80
8294,16b6dc3d5f8e074a,0.00 0.00 1.00 1.00
45160,06ed8e7fb22fa8b0,0.26 0.16 0.41 0.36
32240,0ad6040a7e1b8160,0.15 0.00 0.67 1.00
18109,4f85d216084bc0fa,0.04 0.00 1.00 1.00
27258,16acb5f34251b48d,0.04 0.00 1.00 1.00
41533,0e94cfb009497568,0.00 0.41 0.47 0.90
25491,13c5e4519e1f9bfd,0.31 0.38 0.82 0.62
3538,2877309335736578,0.36 0.63 0.52 0.83
18283,05408bf36ee024d5,0.00 0.51 1.00 1.00
47325,0983fa474280e5b9,0.25 0.46 0.87 0.61
3020,04523a3eccea7cb3,0.17 0.20 0.85 1.00
13921,6d5db745d46d2682,0.05 0.00 0.88 1.00
31376,10feea0d1917e6e6,0.00 0.02 1.00 1.00
19358,d4cce46bf070ee11,0.08 0.31 0.87 0.63
38259,a9b7281b92b4ab13,0.27 0.00 0.61 1.00
27427,56afd5ecb11d93b0,0.27 0.00 0.48 0.59
599,7c52d063288c3879,0.20 0.39 0.74 0.46
29436,6165b701f1d1da76,0.27 0.37 0.54 0.79
48332,000f8363f2b94b6e,0.00 0.00 0.69 1.00
6336,2347cc775e9344c5,0.00 0.61 0.54 0.86
36092,876966f0e6758422,0.06 0.00 0.85 1.00
36056,57fde9976b1fa315,0.00 0.00 1.00 1.00
705,46c20e7212bb46c3,0.00 0.00 1.00 1.00
35390,0ba0c9c387818ded,0.15 0.00 0.84 0.90
7537,5ea678618f934c83,0.31 0.25 0.71 0.66
13957,c2784626dbfef082,0.02 0.00 1.00 1.00
21902,6e9ace9f59a3f052,0.00 0.00 0.63 1.00
27621,072bf2835890e411,0.00 0.00 0.51 1.00
35646,a1239f255db3a89d,0.01 0.06 0.96 0.90
29214,925d17d22831d60a,0.00 0.00 0.88 1.00
40406,05bfda4beb47676c,0.00 0.54 0.44 1.00
47479,00fd5bb88a98fcde,0.15 0.37 0.64 0.68
20079,128e7a006acec63a,0.11 0.00 0.72 0.26
16945,3f37d585d7b83b8c,0.05 0.22 0.90 0.78
42804,41a92e7ca70e097f,0.08 0.00 0.85 1.00
21788,02c7291ec0659bd9,0.34 0.00 0.57 1.00
42213,25e3651cf922070e,0.27 0.00 1.00 1.00
23166,3ef67be609d4bdd1,0.08 0.28 0.27 0.96
44401,0864975c1844cb8f,0.13 0.15 0.89 0.77
49451,08b4ef1e414bcb30,0.03 0.04 0.97 0.95
20307,7adff966e941d82a,0.02 0.06 0.95 0.87
45345,06556862459b9e0b,0.00 0.00 0.95 1.00
53395,06e705d5e33f830e,0.09 0.00 0.96 0.95
34155,0bfdcd7b390b00d0,0.11 0.00 0.77 1.00
10519,119262127cd92523,0.00 0.00 1.00 1.00
48388,2147e0e9f99701da,0.17 0.26 0.86 1.00
28093,a45b6e446fb272b3,0.40 0.00 0.75 1.00
43213,543f7483fcb92c25,0.18 0.16 0.64 0.90
48066,58bbc1037656b28f,0.08 0.45 0.46 1.00
14831,520b8ed74a5e79bd,0.39 0.54 0.68 1.00
24795,39aebc0a6a5590cd,0.29 0.00 0.64 1.00
47694,02aa43b80523bc02,0.22 0.00 0.57 1.00
18570,da63eff0074285bf,0.04 0.05 0.70 0.72
4496,27a3d3b9c0d03046,0.38 0.09 0.74 0.55
33030,384a89015d649715,0.00 0.00 1.00 1.00
11594,b62c0f7321a0c1a9,0.34 0.04 0.65 0.89
6900,3b3ea6818e60db12,0.00 0.00 1.00 1.00
37837,08b676d71b1cc965,0.39 0.00 0.86 0.94
40183,013d2ff552d93ff1,0.00 0.00 1.00 1.00
5945,56479c80fc388a99,0.22 0.00 1.00 1.00
33318,4e26d56a8ee8e367,0.09 0.34 0.89 0.77
24219,0db3ff6f660bd315,0.17 0.22 0.81 1.00
52244,08ec9b59ffd4ef9b,0.10 0.18 0.53 1.00
35832,ae6ff6140ecc87bb,0.08 0.00 0.93 1.00
38058,c2bf3ce6de0e2987,0.00 0.00 0.99 1.00
36041,39b7ff64a0025e69,0.06 0.00 0.93 0.61
41301,054bdb6edecddd4a,0.24 0.13 0.72 0.92
51789,176343f1bc11114e,0.00 0.00 0.64 1.00
18763,01dee17f6962c373,0.37 0.00 0.60 0.71
37912,89f5c9ab2d5374f0,0.22 0.52 0.64 0.87
9859,e31246e0dea67dcf,0.01 0.07 0.98 0.90
19938,15bbd8ee9cb049da,0.21 0.45 0.76 0.69
19613,3c1c0360c3047864,0.14 0.03 0.99 0.98
36120,57c64695aa092df0,0.03 0.00 0.70 1.00
9210,1933d827abb96844,0.04 0.08 0.94 0.94
49524,a02f7772758fe4d2,0.12 0.00 1.00 1.00
10601,173349e76c6e1f56,0.39 0.35 0.56 0.61
4028,dbbb5c8f536e7663,0.04 0.14 0.88 0.85
39772,044095cb6396da7b,0.05 0.08 0.88 0.89
12442,5a49bc200125e2f5,0.02 0.00 0.83 0.96
18461,23f295432ff9a7be,0.04 0.00 1.00 1.00
51601,0bfd124dd77846cb,0.43 0.12 0.74 0.91
26717,5dd31411983e5837,0.08 0.14 0.94 0.60
34361,b2d1c9bdc4bebf63,0.26 0.26 0.69 0.69
34914,028066d09ea82e2a,0.13 0.00 0.44 1.00
24214,16ecf7eb2e6081b9,0.00 0.01 1.00 1.00
7900,113a0c7e989e9c23,0.05 0.00 1.00 1.00
38109,14ea48ccbfea590b,0.00 0.00 1.00 1.00
36435,03f7980305f03cb0,0.00 0.00 0.75 1.00
32801,279eae474d703e3e,0.06 0.00 0.75 0.96
13979,0155d8bc9b1db820,0.00 0.05 0.55 0.67
14499,0d048157fb2f9708,0.28 0.19 0.70 0.84
40898,01e6f03b93c16f4d,0.27 0.00 0.72 0.59
37904,002ec29148e74566,0.19 0.00 1.00 1.00
27640,0632ce956b7ebdc7,0.30 0.00 0.44 1.00
28592,14dab22ef56cc495,0.22 0.09 0.70 1.00
16694,144553a1d099c689,0.00 0.31 1.00 1.00
50278,1fde96c1e0476551,0.19 0.00 0.79 1.00
46654,048fd0954c71c321,0.00 0.00 0.96 0.80
40352,3e83eb8a82ee377e,0.15 0.19 0.33 0.55
46800,3d901a7fa55123e3,0.13 0.00 0.51 0.95
47416,4a198bf76c5d9014,0.00 0.00 1.00 1.00
52964,015d95808e4af793,0.02 0.07 0.34 1.00
13628,1e05970b71369f9e,0.16 0.61 0.26 1.00
313,0069fe64c0c52ef7,0.08 0.00 1.00 1.00
38687,3545f2c7630b2636,0.27 0.00 1.00 0.96
42793,01842c2aafd14126,0.39 0.18 0.84 1.00
1680,0f43dd02869a9ff6,0.16 0.00 0.68 0.97
20962,fc88d6beb46a9584,0.00 0.00 0.89 1.00
25727,d4fefc86b4d9e531,0.21 0.12 0.64 0.35
48572,077e99dcd79cac1b,0.00 0.57 0.83 1.00
4424,041df82b30907e2f,0.49 0.44 0.72 0.69
45798,5792c713a03ee020,0.00 0.12 1.00 0.54
43461,0856fba610aa3e04,0.17 0.22 0.81 0.64
16134,6bf145b374d16202,0.17 0.00 1.00 1.00
6865,001100ff977596a1,0.00 0.00 0.34 0.36
24298,15ac08601c28a405,0.08 0.00 0.86 0.94
9785,4d3c0723414f031b,0.04 0.20 0.95 0.92
35731,041a047c0971db2b,0.28 0.00 1.00 0.99
10992,c47adb9bd1d97e8b,0.00 0.00 0.87 1.00
44437,06f9d0743f3b946b,0.16 0.13 0.82 0.82
48531,432bb655e59cc3eb,0.18 0.27 0.74 0.70
42827,89a2327ffc75732c,0.05 0.00 0.51 1.00
45028,37fb0abb8fdcb404,0.09 0.00 0.66 0.23
52751,003987f6c2c2294b,0.30 0.00 1.00 1.00
29047,10971c660b3d93fb,0.00 0.00 0.74 1.00
30246,6bb4eb53f82f7277,0.37 0.48 0.97 0.65
46826,45012c74087aebd7,0.00 0.01 1.00 1.00
49273,4c644b3d4131b0c9,0.03 0.05 0.64 0.99
11726,1d3188494d7f2e60,0.33 0.31 0.77 0.62
28356,07251036f3bc385a,0.00 0.00 1.00 1.00
18198,02acaec458eb6f10,0.22 0.14 0.65 0.88
38792,590c50812bd9df12,0.00 0.02 0.95 0.82
18004,5e7b8dcaddf0a4f2,0.00 0.02 1.00 0.99
20545,d2ceaca8f682e1ec,0.00 0.00 1.00 1.00
38970,00a00a34814edb37,0.19 0.15 1.00 1.00
38222,1c853d1293de32d0,0.13 0.00 0.86 0.80
34752,e50a4eb2857441b1,0.00 0.00 0.71 1.00
24711,1ae9718072319643,0.16 0.00 1.00 1.00
44743,101b7478f9e554db,0.14 0.00 0.71 1.00
1708,a217dc10b530970a,0.00 0.06 1.00 1.00
30423,05d7206cd2d32822,0.26 0.00 0.85 1.00
53334,a3142f7497b9c309,0.19 0.00 0.90 0.77
18162,cc51c859887534f6,0.21 0.00 0.73 1.00
40081,0e71ea10dfaab43d,0.00 0.00 0.38 1.00
29137,09886226d1e0645f,0.09 0.00 1.00 1.00
45291,71bc0008b35ba4ae,0.00 0.00 1.00 1.00
48787,29535793e27c3086,0.31 0.34 0.53 0.70
43223,0ad5d8dcb6a23612,0.06 0.00 0.73 0.85
2404,24d0579a92a3716b,0.13 0.22 0.86 0.75
21414,04e1611fc7a28ab0,0.00 0.00 0.98 1.00
15364,87e811330cb2f733,0.00 0.00 1.00 1.00
42452,71cd47eef6889d28,0.00 0.00 0.91 1.00
49651,bc263ef314d54a94,0.00 0.24 0.96 0.64
29665,00d929e579d86d95,0.15 0.00 1.00 1.00
25655,7a5f32292f53072e,0.28 0.16 1.00 1.00
15269,2f2c4583ee37131d,0.00 0.08 0.64 0.88
8001,a2098d646485fa7d,0.18 0.03 0.49 0.88
51375,4237909e1bbfb43e,0.00 0.00 1.00 1.00
37062,43eb7ae8838fc88f,0.22 0.25 0.90 0.80
49531,060245acf7e68e10,0.21 0.22 0.85 1.00
23403,e544d9950353397d,0.19 0.00 0.88 0.94
5874,1f6f982440d725be,0.11 0.23 0.82 0.98
53078,430eac034e881b2d,0.02 0.09 0.91 0.91
46961,b72f0b671799ab8e,0.17 0.06 0.75 0.91
2806,43a321f6d5ee94a4,0.31 0.00 0.80 1.00
19959,03b437f10bb313cc,0.22 0.00 0.54 1.00
35707,01f252bd82ef37cd,0.27 0.00 0.53 0.60
49490,4e938228291a9b7c,0.00 0.00 0.64 1.00
51175,19bd8114f28283bc,0.02 0.00 1.00 1.00
53280,5622c61e918d9417,0.14 0.17 0.81 0.78
31304,1ecc210ba1fac2ec,0.37 0.35 0.89 0.72
14431,43a03366fb81badd,0.03 0.05 0.94 0.92
43958,06bae1e06878193b,0.03 0.11 0.86 0.84
16528,0ce766abb75d8842,0.23 0.44 0.78 0.62
10037,aab5e1e9a9f76bc1,0.10 0.00 1.00 1.00
21786,9779c43010d6dd5a,0.31 0.36 0.63 0.63
22506,2dd38836843f1633,0.00 0.00 1.00 1.00
48833,05bd03bddf6e7ddf,0.39 0.00 0.79 1.00
41780,08b0b7af144b3498,0.01 0.00 0.80 1.00
47211,0b24b06fb66b6d53,0.19 0.46 0.84 1.00
53499,0410a47bb3908f5f,0.00 0.00 0.97 1.00
17781,211d0066c4d14093,0.00 0.00 0.88 1.00
43786,0b2e97a01f12d222,0.00 0.38 0.59 0.61
38844,0541a014e9a73eb2,0.00 0.00 1.00 1.00
5768,04573232bf5cb412,0.00 0.00 0.63 1.00
40564,67c7b2648dda6547,0.14 0.00 0.62 0.96
49233,026bcc5023b934a2,0.09 0.00 1.00 1.00
21303,016df4a74fdb9a08,0.51 0.08 1.00 0.83
29380,02060d9397e54321,0.37 0.00 0.50 1.00
33107,a6effefd1844e9d8,0.12 0.37 0.94 0.89
51262,34cc21280a204862,0.00 0.00 1.00 1.00
25340,2250974fecf024b0,0.01 0.29 1.00 1.00
16036,1ba2f476854798a9,0.31 0.00 0.67 0.81
45851,19f6e170a55f4bee,0.11 0.00 0.93 1.00
2148,00486e0609aade91,0.44 0.31 0.71 0.91
31807,0fbb95d7b5e929e0,0.09 0.33 1.00 0.70
9873,41cb11b9b00a02eb,0.16 0.00 0.78 0.93
44483,05ba3e442bd79f48,0.25 0.01 0.66 0.90
1701,00827e7e027121d8,0.00 0.16 0.92 0.90
31780,02c63c060ea7aead,0.11 0.26 1.00 0.85
10144,3fa399f9dc219981,0.15 0.00 0.71 1.00
46342,9bc217d6f12500d6,0.07 0.00 1.00 1.00
11623,01a03df6f1dbde58,0.36 0.00 0.65 0.68
37104,0135f9e6893b792c,0.25 0.00 1.00 1.00
16532,2fe44132033a19c1,0.37 0.51 0.80 0.69
30683,031267a13e53b8d9,0.00 0.01 0.96 1.00
11041,41239b0e153fba09,0.28 0.17 1.00 1.00
43630,74a771af4bdfb199,0.00 0.00 1.00 1.00
29666,1db77b0fbf7cf8b1,0.12 0.07 1.00 0.75
46944,45825337b38e0ff6,0.24 0.18 0.85 0.54
25735,4f4870eaca4a9df8,0.01 0.41 0.98 0.51
40936,1e4a7931da862933,0.37 0.07 0.98 1.00
43003,ead15ea6e0ae8324,0.14 0.23 0.95 0.73
49473,1b0b8c9a61f93015,0.49 0.00 1.00 1.00
38440,6e0adf7b8592e6fa,0.00 0.00 1.00 1.00
38216,0d2f61133802e3c5,0.50 0.16 0.74 0.48
1250,373dfa030af3e14b,0.29 0.56 0.55 0.89
2424,124cbaad7e0a7c70,0.00 0.00 1.00 1.00
14796,57408ee2f042c2e4,0.30 0.15 0.58 0.58
23420,321f403811ec2365,0.35 0.00 0.77 1.00
16921,00f833133175cd1f,0.46 0.00 0.72 1.00
34652,37c6300070ca5e01,0.00 0.00 0.50 1.00
33364,010bdcae29efcd71,0.07 0.39 0.79 0.74
53106,1a894d4a1bc0b316,0.17 0.31 0.66 0.57
45578,0b66e9e3393a7026,0.08 0.02 0.56 1.00
9536,186ab30ead3f1eac,0.56 0.27 0.95 0.79
48761,0310255f506d66a8,0.00 0.00 1.00 1.00
3441,b9bd1d277dc4d9f0,0.07 0.00 0.76 0.46
31908,0a2c71f3201ca895,0.08 0.14 0.89 0.85
46719,0410563b4eb4d5e5,0.12 0.35 0.97 0.97
29505,3ecb23a3da7aca93,0.02 0.13 0.95 0.95
7806,1de142e228b7c268,0.06 0.00 0.88 1.00
53025,0053f1ac5a4d3e82,0.06 0.00 1.00 1.00
27286,2bd55272e7a2a19b,0.50 0.06 0.58 0.49
34589,02853a1a018892e3,0.04 0.04 1.00 0.91
32896,1a2f48e72bbf327b,0.00 0.07 0.52 0.66
3249,059100caa970b7e1,0.20 0.02 0.92 1.00
6408,04bf9908d312b8c4,0.22 0.13 0.93 0.62
31319,025d1a819a1d947f,0.39 0.22 0.59 0.94
26750,69c0efadc2518950,0.00 0.00 0.77 1.00
11154,095578a785559cf1,0.25 0.35 0.67 0.86
10913,0a968e29fe0bd92f,0.41 0.14 0.56 0.47
27156,1b165772d94d6b31,0.54 0.00 1.00 0.84
39237,0c54311e5db73ff0,0.00 0.00 1.00 1.00
5873,3adae6e995b47867,0.05 0.00 1.00 1.00
13720,01b9deef13391228,0.04 0.16 0.66 0.55
5587,26f6e4d8d3b0669f,0.16 0.00 0.63 0.47
35616,673f805672dc7813,0.27 0.07 0.82 0.93
11116,27bfe7944068a682,0.06 0.24 0.88 0.59
10752,03abd841ebd2089a,0.02 0.09 0.97 0.98
16804,763e94cf5d0e6f1f,0.28 0.30 0.69 0.82
5467,029068c8dbf58ba4,0.20 0.10 0.45 0.38
24841,1a2a01deb0f8afc5,0.26 0.00 1.00 0.38
8224,319742e2874912ab,0.00 0.00 0.70 1.00
44464,2ea90261dfef98f9,0.00 0.00 0.64 0.94
4811,00e7387af8afdfef,0.15 0.07 0.70 0.66
34946,0343dda8ff12479b,0.00 0.00 0.32 1.00
5917,12b5d1df9d3449ef,0.20 0.09 0.95 0.29
30639,13696db75cd260ab,0.00 0.06 1.00 1.00
793,384fff085554bf6c,0.00 0.37 0.81 1.00
49947,f737c196c596c29a,0.18 0.30 0.78 0.70
1322,193325c1eb063b14,0.34 0.30 1.00 1.00
3618,3282316e805acd20,0.05 0.00 0.89 1.00
6769,804b1a60fcaebf44,0.21 0.28 1.00 0.75
1887,1d6d7df9aceaedf4,0.00 0.00 0.97 1.00
10153,5fb4821778ad4722,0.12 0.00 1.00 0.90
53584,4372f437c06e3ff5,0.01 0.00 0.93 0.93
32477,00fba93920dd2f7f,0.30 0.51 0.59 0.82
37826,10919479c0421b64,0.44 0.00 0.58 0.97
52569,02ed19a57331fdb7,0.34 0.00 1.00 1.00
38468,17cc990aff93e48c,0.17 0.33 0.59 0.85
29989,01f2cda6f7312ee6,0.07 0.00 1.00 1.00
606,29281c979040e94c,0.21 0.11 0.80 0.81
16559,0144f056e3bda0b6,0.40 0.39 0.74 0.60
40481,03191f4610ecea96,0.03 0.00 0.38 0.97
30863,e53c4b584e5aa2ef,0.05 0.00 1.00 0.88
22864,292c6cff421a919d,0.33 0.48 0.59 0.78
45105,0541048b0da72ced,0.42 0.00 0.77 0.95
13005,1c235a2e508da4c7,0.18 0.00 0.75 1.00
12495,020e90564b2febdd,0.00 0.03 0.90 1.00
52669,04f23237641b0963,0.00 0.00 0.76 0.82
16538,07814d949aea1f73,0.33 0.00 0.93 1.00
4957,cd7192981617e184,0.13 0.07 0.92 1.00
39706,06e26fc5d40a03b7,0.11 0.49 0.57 0.95
15043,19ed76b66de96d27,0.04 0.56 0.54 0.75
43565,005eb5780633201b,0.00 0.10 1.00 1.00
37085,e4da16d64a991c5d,0.22 0.00 0.71 0.64
5758,0dba9a08d6b95350,0.00 0.00 1.00 0.93
50067,640e80ed0220cd7d,0.05 0.00 0.83 1.00
40459,97957f4c0a53588d,0.21 0.00 0.50 1.00
27745,58adcc1b8daf24b1,0.28 0.20 0.76 0.85
12460,b1c7232cae4b2843,0.00 0.00 1.00 1.00
45010,127c02324cb05d42,0.00 0.23 0.84 0.71
2179,120894cb88f2d1aa,0.00 0.00 1.00 1.00
17853,a7f5203ffe505c80,0.01 0.19 0.78 0.91
39470,033011ab47e06ab4,0.00 0.00 0.92 1.00
50027,2688537a12a86150,0.00 0.00 0.95 1.00
3327,0220864d6e886158,0.00 0.31 0.69 0.44
42559,8efd0589c349ef79,0.04 0.02 0.63 0.81
13578,049f3d2a774ac3b5,0.06 0.05 0.94 0.98
48901,00a9d0a5b0f1a37e,0.00 0.00 0.95 1.00
2822,035061681caa7d98,0.06 0.25 0.88 0.84
11547,2128d7586e29a38e,0.03 0.00 1.00 1.00
2989,096f2b861ed96013,0.12 0.00 0.63 1.00
38981,dd911b310d91a0af,0.07 0.00 0.58 1.00
38331,0350f14539788ad2,0.00 0.00 0.45 1.00
7553,0227b3e6d9421449,0.05 0.06 0.91 1.00
14321,213e0d0a8862b70d,0.20 0.06 0.68 0.92
4335,9eefd8930b92a686,0.10 0.28 0.81 1.00
21167,03f828a77c14c967,0.00 0.00 1.00 1.00
27606,00ba320e93caf832,0.00 0.00 0.76 1.00
978,16fb99d61eabb99f,0.05 0.00 0.84 1.00
44371,677733065bc90d5a,0.03 0.04 1.00 0.66
15444,00fbf8bee23be7d5,0.13 0.34 0.56 0.67
16029,52ba55c6458fd4bc,0.44 0.02 0.94 0.99
25713,bcb79a6bec79e537,0.27 0.29 0.44 0.72
27295,24da9fc259799417,0.06 0.35 0.87 0.58
47223,0bddcf839a57e73f,0.00 0.15 0.82 0.93
44359,5c197c7c6a11fd6c,0.15 0.00 0.78 1.00
40392,0593f83448a09906,0.60 0.24 0.73 0.28
18875,5ee61c997515afdf,0.00 0.00 1.00 1.00
25822,07ebec6a3d269461,0.21 0.11 0.82 0.93
39578,05840ab6412940c8,0.25 0.29 0.39 1.00
20979,df49649e716b8910,0.00 0.14 0.98 1.00
21433,07032a0135298e35,0.10 0.11 0.95 0.84
31797,023ce13c7d5c69c8,0.04 0.08 0.95 1.00
13475,096e014ce7960516,0.11 0.28 0.91 0.63
18869,14188cc4156e6f5b,0.13 0.00 1.00 0.97
19834,00bfc50a0933c2c5,0.42 0.25 0.63 0.54
14133,96c00b14ed13629b,0.06 0.09 0.87 1.00
40802,00fd54f099def277,0.02 0.02 0.98 0.91
43037,072f4b80ccc49b76,0.15 0.00 0.74 1.00
34166,30b0802b7ed45c45,0.00 0.00 1.00 1.00
24659,3d3948c2b9ecf7a5,0.00 0.00 1.00 1.00
894,40a31d64a6ae2209,0.01 0.00 0.78 1.00
34958,48cd891d737d76ee,0.01 0.00 0.83 1.00
3019,19f7fd130ec5ee44,0.00 0.00 1.00 1.00
4122,acbfbe5bc938f1a3,0.29 0.41 0.58 0.83
1622,029b3d982d3728a8,0.13 0.17 0.78 0.97
8182,0d4f077ededbd158,0.24 0.22 0.83 0.83
17106,579c2926ae8dfe71,0.31 0.00 1.00 0.51
42443,5aecabf8bcf1c686,0.49 0.10 0.91 0.82
30473,585f6c6d04bac97b,0.00 0.00 0.80 1.00
28841,532d37692cb41547,0.00 0.00 1.00 1.00
40904,d26c0fd9a35aef78,0.14 0.00 0.70 1.00
16500,64246d4b3771c6b0,0.30 0.14 0.58 1.00
45735,00fe1486cfaa0f17,0.12 0.36 0.56 0.78
48272,021d0ebd2603dadd,0.09 0.17 0.64 0.82
26680,14dbd5d4b2273073,0.00 0.00 0.50 1.00
26215,46bd3445497707e6,0.02 0.80 0.62 1.00
29310,252548bafc1a77e3,0.12 0.21 0.37 1.00
53731,00a52b01f6e8fa0e,0.20 0.00 1.00 1.00
4788,27df94cc68644cbe,0.17 0.12 0.82 0.88
20503,ca2fea23ca69ac8e,0.04 0.00 0.82 1.00
21796,13117ddd04176505,0.70 0.61 1.00 1.00
49004,464b189ff828908b,0.19 0.00 0.49 0.78
43562,05d1d362c87c5685,0.23 0.28 0.77 0.90
40321,3f1e02d18432d4ef,0.09 0.16 0.96 0.79
40194,005f00e1414444e0,0.00 0.00 0.33 1.00
33163,211928b451b3db1e,0.00 0.00 0.95 1.00
28527,6d5ea9bd208891a9,0.36 0.00 0.81 1.00
53470,8c4f6b96eb69052d,0.00 0.00 0.84 1.00
33974,0050395ae1d6f070,0.00 0.00 1.00 1.00
45990,17401aa00af90f12,0.00 0.00 1.00 1.00
33373,6b600d0d2f897875,0.28 0.10 0.72 0.54
48972,01ff125bf8698d2d,0.30 0.17 0.62 0.82
52745,b8667f4993b8f646,0.10 0.08 1.00 1.00
9118,4b74545f657f8d2d,0.03 0.57 0.62 0.75
21880,11b6df3d0618a225,0.36 0.74 0.57 0.85
31878,3315a724a3c9d5d7,0.29 0.00 0.48 0.64
16808,926d136a1772111d,0.07 0.31 0.52 1.00
21893,368f4a7972af6856,0.14 0.00 0.66 1.00
1691,07666d3084c35080,0.02 0.08 1.00 1.00
27970,80c8142a8a21fd7c,0.06 0.00 0.84 1.00
21491,169625f073c50e0c,0.22 0.25 0.68 0.82
7892,d0c70bae63a57294,0.00 0.07 0.91 1.00
5452,36498cf027619a38,0.00 0.00 0.70 1.00
26872,03114af7b16350c3,0.03 0.00 0.87 1.00
25834,05b13efdae7fe049,0.12 0.60 0.57 0.68
14029,56b1a2bc49b2d7d6,0.10 0.03 0.65 1.00
20740,1109e299dfba63be,0.00 0.00 1.00 1.00
35900,40c246d56d40d8f5,0.00 0.11 0.73 1.00
48524,146050edda79ea03,0.00 0.00 0.93 1.00
31659,6d5397c01bb78941,0.09 0.02 0.74 1.00
31954,0067c590fc62ec20,0.18 0.00 1.00 1.00
14521,23a7ea0200734a9e,0.16 0.00 0.84 1.00
9651,0e9b7b7bf9b68131,0.11 0.30 0.93 1.00
52360,29b15667ff5af9b6,0.04 0.00 0.35 1.00
16903,1362bb1fe74983dc,0.06 0.00 0.28 1.00
52803,59e5f97d9ac65eca,0.05 0.18 0.90 0.83
25011,b4ae776e06b6bf3f,0.02 0.16 0.17 1.00
11994,8ba1cdede9380a29,0.13 0.44 0.27 1.00
10928,1e4987f9d118420d,0.25 0.37 0.51 0.91
11826,539434bff383264c,0.16 0.04 0.80 0.43
28704,0152c20f84f82f03,0.00 0.00 1.00 1.00
8485,1956fed36a00f2b8,0.00 0.00 0.81 1.00
28605,01a54a8c8a418825,0.51 0.00 0.64 0.92
5408,019ef4696f9641cb,0.40 0.00 0.77 0.71
30240,28d1d622287562d0,0.30 0.00 0.44 0.53
35410,038916af3b161143,0.10 0.00 0.74 1.00
5333,1f0dfba09b46088a,0.00 0.24 1.00 1.00
51080,4017e6a779873ce5,0.00 0.00 0.89 1.00
6574,27d8f4a06b9c5b18,0.00 0.00 0.67 0.92
16849,083771dfa18798d0,0.01 0.42 0.82 0.76
35645,4766f792f9f92904,0.12 0.17 1.00 1.00
17393,07b71264891d6b99,0.43 0.00 1.00 1.00
21162,02298e172cb4b4ab,0.43 0.00 0.76 0.47
8414,00d54606826798f5,0.00 0.36 0.99 1.00
20156,9a74df1281d7398e,0.06 0.00 0.89 0.93
10394,0285c18349612460,0.00 0.37 0.27 0.70
12483,090dd463f35061ba,0.06 0.03 0.64 1.00
44905,0f3cb5e0c9f3518c,0.39 0.60 0.65 0.75
27712,0decffcf2cff8a9e,0.00 0.00 1.00 1.00
25403,3a0b36826a0c1e73,0.21 0.29 0.62 0.77
43862,887990e1bf8af0ec,0.08 0.00 0.68 1.00
51204,0afeb5804eb3ebf1,0.09 0.27 0.68 0.92
2679,0217b763b8d4b4e8,0.00 0.00 0.85 1.00
44439,00389ecfe75ac393,0.04 0.00 1.00 1.00
32536,2585ce1c0c47ed05,0.00 0.00 0.56 1.00
36362,00a1c8d717fad469,0.00 0.00 1.00 1.00
6572,168a0f1e7956dafa,0.05 0.00 0.84 1.00
18282,a93697b218715bf7,0.17 0.00 1.00 1.00
47827,38a6a74f82eb106b,0.01 0.04 0.53 0.78
27163,07a404561fdfbade,0.00 0.00 1.00 1.00
44624,033dc3266d256633,0.06 0.34 0.45 0.88
44853,19f1387a0e925798,0.00 0.00 1.00 1.00
28572,d6544ba68bc1eff8,0.55 0.00 1.00 1.00
53287,c7757f7ff9893f47,0.00 0.07 0.73 1.00
18998,00b28ff4f3e59e0f,0.30 0.44 0.74 1.00
53394,02125496ad588795,0.38 0.17 0.56 0.75
2589,13eab2c09de70681,0.00 0.00 1.00 1.00
6573,075982e5a98e3c17,0.01 0.00 1.00 1.00
51285,01fc1633ff938285,0.06 0.00 0.77 1.00
11686,01383a2e5412ed17,0.11 0.29 0.33 0.77
37692,320d5996f5c8799f,0.09 0.00 1.00 1.00
8198,493d286515d59030,0.21 0.19 0.92 0.75
44943,17d3ebec30c74c56,0.10 0.03 0.92 0.93
29354,0522be245bf3491d,0.02 0.00 1.00 1.00
47351,062e768ed44534e1,0.07 0.00 1.00 0.88
30971,24460e5a15757b2a,0.18 0.10 1.00 1.00
13686,002ebbeb60f95c02,0.00 0.00 1.00 1.00
17329,42d80da71079044a,0.18 0.00 0.51 1.00
15549,8eecaa056551d243,0.00 0.51 0.62 0.75
15175,3fadb966eba9a03c,0.00 0.00 1.00 1.00
52158,000afe6e7ff56417,0.00 0.00 0.93 0.96
39827,d3659688206bedf7,0.26 0.02 0.90 0.95
36564,c905e3f488f34618,0.00 0.00 1.00 0.95
8362,2768d9e0183a955d,0.32 0.31 0.58 0.66
44047,7e720815a0c01064,0.05 0.26 0.93 0.82
6090,d8618bafd28139e6,0.15 0.04 0.97 0.94
37120,05e6e805695a6ed7,0.13 0.00 1.00 1.00
11464,471cf83cb5e2d859,0.00 0.00 0.55 1.00
38958,0007f8d9d2e6f3d9,0.08 0.00 0.81 0.66
26000,226e6578e2f16408,0.10 0.38 0.78 0.96
23830,185ea323be2870a5,0.27 0.12 0.60 0.83
20447,e6ffdc54d5516b1b,0.22 0.00 0.80 1.00
23842,6f7f63038262ac2e,0.18 0.08 0.75 0.62
29263,0049c2d7682791b2,0.11 0.00 0.79 0.99
17043,15c4e706d01feee7,0.12 0.02 1.00 1.00
29063,1a7921d33311e424,0.00 0.10 0.92 0.79
14208,20abdb2882a949d2,0.21 0.00 1.00 1.00
15938,1ba50cd2bf1f6c68,0.04 0.00 0.84 1.00
40165,00ee1f11ee1686e8,0.00 0.00 0.65 0.22
11093,091885ebdb4c2062,0.08 0.44 0.65 0.75
49211,00c2f5511fd03ca9,0.00 0.00 0.81 1.00
33788,6ab43485caa0e1c5,0.00 0.00 1.00 1.00
38939,f10c6cfa7ff91b84,0.06 0.00 0.80 0.28
15133,26eb8d3a40ae53dc,0.12 0.07 0.97 1.00
33863,f5c4aaa905d73abd,0.13 0.00 0.82 1.00
41391,4c92ccdb8e40798d,0.27 0.12 0.90 0.67
22624,4faec7b29bb72d88,0.10 0.06 0.77 1.00
1386,231705c559292e2d,0.05 0.15 1.00 1.00
33725,24d72d0e8f48f99c,0.03 0.00 0.90 0.79
1195,0a5db2fb3cdf15c3,0.20 0.32 1.00 1.00
33648,0eaf3909875e8a3f,0.05 0.00 1.00 1.00
24806,179ca39f11824f60,0.07 0.00 0.83 0.96
8366,39af4f7b430f43a6,0.37 0.00 1.00 1.00
12934,026cc6af0a8090bb,0.16 0.02 0.60 0.72
15890,1a92c1b2d9c78066,0.16 0.00 0.98 0.84
41864,70a6c3c22c008cb1,0.06 0.06 0.76 0.90
43239,3559e5e22cf7fbfd,0.00 0.15 0.62 1.00
20128,7e43c23698694db5,0.03 0.29 0.78 1.00
2297,17ec44af489dd437,0.13 0.21 0.62 0.92
47835,50966e583e1fda23,0.38 0.00 0.57 1.00
45045,4898eeb9ecc8b504,0.05 0.12 0.79 0.58
16641,6c92a605ef94b7b8,0.00 0.00 0.92 1.00
18196,c3646d8cee1f4e44,0.24 0.17 0.53 0.72
35191,31aacc01b080746f,0.27 0.00 0.57 1.00
32999,257d52c21889922c,0.09 0.09 0.88 0.97
46471,aef8cb4ca84aa261,0.15 0.16 0.70 0.96
51687,3daec5068e3b59e3,0.04 0.29 0.66 0.70
10739,00a1841abdd935e2,0.26 0.00 1.00 1.00
37658,0b7298791f2f61d8,0.27 0.00 0.81 1.00
16741,0c1a55e647103512,0.05 0.55 0.76 1.00
7171,0ff365ff94ea09ab,0.00 0.00 0.90 1.00
34112,0228417e6fb667f6,0.00 0.00 0.74 1.00
52752,122bd69ba55c0e84,0.21 0.00 0.61 0.88
15703,3ddaf3774dfebd19,0.04 0.33 0.98 1.00
34559,0489c1f088d680e7,0.40 0.00 1.00 1.00
20857,0da6598ac21a567e,0.14 0.02 0.69 0.99
24589,0995a91357d15aa0,0.35 0.00 0.74 1.00
7191,01af6dd8680db2d4,0.00 0.00 1.00 1.00
35539,2fd50a2fca852f9a,0.00 0.00 1.00 1.00
19501,fefdc3a805d1c608,0.15 0.23 0.68 0.64
38539,317df8377ccab901,0.07 0.01 1.00 1.00
13459,0057f9773ea78b93,0.23 0.31 1.00 0.71
48067,5bb93d3eddb955c7,0.00 0.00 1.00 1.00
25453,034e6de0ed1d4d5b,0.10 0.00 1.00 1.00
9501,0be3028f35e5c65c,0.48 0.00 0.70 1.00
13490,00feb05527adb682,0.00 0.08 0.91 1.00
2565,70c1e4f85b6dcce4,0.03 0.17 0.93 0.61
17470,58302475fa6edcd0,0.01 0.02 0.67 0.98
1636,325d4c8e59b6e5d4,0.00 0.00 0.31 0.96
41694,547b69666d599f06,0.16 0.00 0.90 0.65
26364,0a9b07fda9b78964,0.23 0.00 1.00 1.00
51064,21e141688923c073,0.09 0.00 0.97 1.00
8107,000308d3d6241753,0.08 0.13 0.89 1.00
40052,011759639339f306,0.00 0.00 1.00 1.00
31671,bfeec57a2fc41bbd,0.00 0.00 0.89 0.99
52205,037caa0d2867e17d,0.26 0.00 0.99 1.00
44129,426bffd909c95ba5,0.00 0.00 0.89 1.00
5159,014b73e706d538bf,0.25 0.12 0.71 0.71
20319,a3865d04cb8fa244,0.08 0.11 0.65 0.30
24724,02884ff7f167b679,0.10 0.25 0.68 0.70
38642,1b71ca78334a7239,0.00 0.13 0.97 1.00
6958,e1f45927ce092f5f,0.00 0.00 0.88 1.00
43392,1ec6098a0016fccd,0.14 0.00 0.67 0.58
7862,0398aadff0af7b81,0.24 0.00 0.76 1.00
28914,4414687279541a7b,0.20 0.00 0.94 1.00
19539,09754312d94b5ff4,0.00 0.00 1.00 1.00
39662,720aa5ac25545138,0.07 0.00 1.00 1.00
35837,42f1a7694f5290c0,0.13 0.00 0.51 0.82
8352,0fd00dac01b783c2,0.15 0.30 0.53 0.81
31174,3e51f436b06ab7df,0.00 0.00 1.00 1.00
12003,01e7f9b3f0f022bb,0.08 0.00 1.00 1.00
23477,0e6b4adbe6973299,0.00 0.64 0.53 1.00
17432,0209ed3e9be5ab8c,0.24 0.21 0.98 0.89
46712,3efd21fca3f09bda,0.00 0.00 0.80 1.00
5818,5e87e37d064704b7,0.00 0.00 0.84 1.00
32012,d18dddd0323c4a57,0.06 0.00 1.00 1.00
4346,6ff6c42af7a09948,0.37 0.47 0.54 0.73
34603,303d567e7bf68e2f,0.09 0.20 0.85 0.82
40494,0a1f06d9c4a9df25,0.29 0.38 1.00 0.75
33023,076e05d279c263d9,0.00 0.03 0.95 0.69
32793,35ea958d8d03d797,0.23 0.13 0.74 0.98
18071,04185abca1cca00c,0.20 0.14 0.77 1.00
27784,5d6b4fdf461c9731,0.41 0.00 0.48 0.26
1352,0817ecec2580ee38,0.00 0.14 0.95 0.59
22991,9bb30ac34afd19df,0.20 0.00 0.57 0.99
40262,00494d83514862f1,0.03 0.21 0.46 1.00
52091,17642aa1c9992c44,0.35 0.00 0.43 0.98
33538,06e5181a89ead7bc,0.25 0.27 0.49 0.62
19699,d1886c8db2c70bfd,0.17 0.00 0.46 0.84
38448,1065d9e31481d04b,0.36 0.66 0.57 1.00
38390,37320a9b0b4abb7c,0.00 0.03 0.96 1.00
49616,6dd6a47ba72eafb9,0.00 0.12 0.88 0.71
49424,0a58f1f80eb33769,0.32 0.41 0.81 0.71
15843,10f0b8a33b562ce7,0.12 0.16 1.00 0.91
36643,5e6483f64fbbf625,0.19 0.00 1.00 1.00
50716,a88555b8029d0902,0.12 0.20 0.65 0.72
48029,869ffab983664af6,0.00 0.00 1.00 1.00
9360,33ad6bb1dbba74eb,0.09 0.00 1.00 1.00
7296,35ba82740b671351,0.15 0.26 0.92 1.00
38254,0324a1ab0c699644,0.21 0.00 1.00 1.00
28714,c229d66be141e7f6,0.59 0.20 0.97 1.00
14303,69142e055b56dbf5,0.51 0.35 0.63 0.49
3726,11e74b6d20aa5d22,0.11 0.40 0.37 0.53
17084,089a3acd8b77ad3c,0.45 0.26 0.80 0.82
21588,0f599b060d90978d,0.01 0.00 1.00 1.00
35266,82446ff53e1d1b1e,0.09 0.14 0.74 1.00
53284,bc2d55d1e2c4e141,0.00 0.19 0.88 1.00
35095,00aea1d3880c76e4,0.28 0.42 0.76 0.53
7179,3a93be3d587b24b3,0.09 0.22 0.66 0.58
11191,06a3f07eb540b983,0.25 0.20 0.76 0.84
16898,0087a2169f4ced6b,0.08 0.00 0.54 1.00
40738,01b36200443358a0,0.00 0.04 0.71 1.00
17741,08bfd178d1480f30,0.36 0.00 1.00 1.00
47186,0349c4630f912cfb,0.00 0.00 0.61 0.52
14754,0c3ad7d937f7796f,0.05 0.13 0.94 0.92
31269,e0fd4cd9d47a096f,0.18 0.48 0.40 0.51
52893,0d040ed601d74df8,0.19 0.00 0.56 1.00
26597,2fa8cee5bca03d21,0.42 0.27 0.78 0.82
27392,0772e4e53e9fe3b3,0.37 0.44 0.54 0.67
34814,01c66437aab12783,0.02 0.25 0.94 0.73
31618,1b62cc3d3fc5b7a3,0.41 0.38 0.66 0.59
22779,6e67fe78779fc6cd,0.18 0.04 0.76 0.87
33566,4d532abff1e7cd3d,0.00 0.04 0.92 1.00
34524,17cad83f0634a57b,0.00 0.00 1.00 1.00
38288,396a2dc0684dd31c,0.10 0.00 1.00 0.78
5836,0e09e5748ad19005,0.01 0.65 0.82 1.00
42940,02d8baf5f42d28aa,0.18 0.03 0.61 0.96
3032,00ea62474e7ea28c,0.15 0.16 0.74 0.77
21637,09f877c274ae5aba,0.56 0.01 0.93 0.24
41078,5c63ab3ea69f5f75,0.00 0.00 1.00 1.00
45699,143d413a8e0add28,0.06 0.20 0.85 0.98
31847,03407877272af8a1,0.04 0.16 0.89 0.85
34329,01c235cb9aee2c74,0.22 0.00 0.68 1.00
45840,c578ef2743ae053e,0.01 0.18 0.97 0.91
7664,03b7813c2ddb33fb,0.37 0.00 0.89 1.00
20709,3ad66a53c4c300d3,0.06 0.00 1.00 1.00
47071,300925395b857b46,0.00 0.00 1.00 1.00
17718,d25e249e38c5fa1e,0.17 0.13 0.93 0.82
230,0f307dec137ea4af,0.00 0.00 0.38 1.00
12750,51f6b053e365d7eb,0.00 0.18 0.95 0.83
16673,6d40e997fab94ad7,0.14 0.43 0.60 0.61
31480,1fff7c3683d3d19e,0.05 0.00 1.00 0.82
9512,1a7dda37d3d56550,0.10 0.01 1.00 1.00
32830,0dbf4e71e0116f53,0.08 0.03 0.93 0.97
18450,e17d63afc7c750b1,0.34 0.00 0.79 0.64
43167,568660a37a8b253a,0.17 0.11 1.00 0.90
21716,14ddc758211dbc33,0.00 0.00 0.57 1.00
49459,1e71a0505ba513f3,0.09 0.00 1.00 0.93
43087,2600bc801c5b1767,0.01 0.18 0.89 0.81
14169,688fa3e1865a94e4,0.10 0.11 0.68 0.89
41330,00bb53e36ac905ce,0.00 0.39 0.71 0.69
40438,0b083fc6b4bef61a,0.18 0.00 0.68 0.67
24579,2947c5e45094b09d,0.00 0.00 1.00 1.00
37490,025ed2c346b3398a,0.16 0.00 0.43 1.00
22883,0a7541ab7319022e,0.00 0.00 0.77 0.90
22903,54247d5d92537b21,0.34 0.41 1.00 0.77
50792,009e4981a71453da,0.30 0.00 0.45 1.00
19622,268e21a54c80b745,0.00 0.00 0.46 1.00
27136,1af14abf07bec9e1,0.13 0.00 0.98 1.00
10461,06805f47983c507c,0.08 0.00 1.00 1.00
47003,9056a8310f000475,0.14 0.00 1.00 1.00
31418,4ac79d4e3e39fb59,0.00 0.00 1.00 1.00
1414,22a79f98b53668a8,0.08 0.42 0.75 0.88
23955,3560411b4d5d9ca3,0.00 0.00 1.00 1.00
19070,0c3a002e0da8e9d3,0.52 0.34 0.83 0.74
38962,023dc3d240f8e359,0.00 0.00 1.00 0.59
11348,08fa93a824b2ecb5,0.01 0.16 1.00 1.00
5775,4eb493341d37f2c3,0.03 0.00 1.00 1.00
12410,462ea2332e0436cb,0.00 0.57 0.44 1.00
34390,1dc5cb9fe5d9ec1d,0.34 0.16 0.56 1.00
7958,10af573d8ebf5a5d,0.00 0.00 0.46 0.66
25659,2933f71d6e64489b,0.02 0.38 0.80 0.90
41265,09697985016af570,0.18 0.00 0.69 1.00
30052,00c6cd4bee12fc19,0.00 0.14 0.93 0.84
53632,3ecc7ea73cff6c3d,0.02 0.27 0.83 0.68
32946,024bd72dc2d38ee6,0.00 0.16 0.76 1.00
47397,2764ce27ff141308,0.19 0.00 0.58 0.96
34389,db08d75ba230dc81,0.34 0.00 0.84 1.00
25375,01cc22236445d0ff,0.02 0.17 1.00 1.00
7442,03ebbb19ff199484,0.28 0.12 0.94 0.96
26797,8b1348ad0f9758dd,0.00 0.00 1.00 1.00
18931,00262fb2e3dbe594,0.04 0.00 0.78 1.00
10727,671a531786a37f8f,0.05 0.00 0.66 0.54
30524,22b26c849eaa9c82,0.18 0.37 0.35 0.91
8312,22c5179801609305,0.05 0.00 0.71 1.00
52116,05e4cc164595de8e,0.53 0.14 0.83 0.94
53586,03bb69bd98659f01,0.41 0.00 0.76 1.00
48230,132daac0f80c6dc6,0.00 0.00 1.00 1.00
21337,16445a3a3807f1d0,0.08 0.00 1.00 0.99
33822,0d88a8adf60d62df,0.03 0.00 0.88 1.00
37510,0301ecb81a700eca,0.00 0.00 0.60 1.00
12241,09746e5f73bbb97b,0.01 0.02 0.74 1.00
29353,14e06efcefa774d3,0.00 0.08 0.84 0.79
43497,1a921c963ac44e0e,0.00 0.00 0.72 1.00
26023,09fa68383d3c6764,0.04 0.07 1.00 0.98
14513,0623468dc4cc6011,0.06 0.20 0.88 0.79
40470,3cdeeb285233a1dd,0.25 0.00 0.59 1.00
49803,01aa3d2802616ea8,0.00 0.29 0.77 0.76
34913,a27ddba376e506e1,0.00 0.00 0.58 1.00
45772,c5545bb46f40f233,0.08 0.26 0.92 0.77
31227,0d9d734fca7ac87e,0.40 0.00 0.47 0.84
44631,050c156264c73f24,0.19 0.00 1.00 1.00
45625,0d4496052211ccc7,0.00 0.25 0.90 0.68
32843,0d08a63eb3f3cd22,0.19 0.36 0.49 0.67
7157,02fa2e48988fe551,0.20 0.25 0.50 0.56
27361,ab5f1af367faffef,0.01 0.00 0.80 1.00
6463,3daa240fe2e94604,0.21 0.07 0.82 0.79
30366,e5735433db4208d6,0.13 0.00 0.66 1.00
11201,1c0ffb9c100f7ca5,0.14 0.14 0.75 0.70
44057,19e59c503b2578eb,0.01 0.00 1.00 1.00
21768,010e3e0101af3d99,0.00 0.00 0.69 1.00
42134,1ea0a93f5385dcd6,0.43 0.41 0.72 0.55
39703,586ec190162827da,0.05 0.00 0.52 1.00
21406,00e097fc588e7a3d,0.01 0.33 0.90 0.66
2499,041307ee2c3f46b2,0.39 0.17 0.75 0.87
6835,05493316d6a18c2b,0.22 0.00 0.68 0.83
48236,032840a452e6bb15,0.00 0.00 0.89 1.00
15190,949c832512557a27,0.00 0.00 0.93 1.00
327,337339f2408b1e97,0.17 0.00 0.90 1.00
15117,09615fbc04be83e0,0.30 0.10 0.78 0.76
26359,2078e9ab4915201e,0.02 0.09 0.88 0.88
9147,01d65da4042a76fd,0.05 0.37 0.92 0.89
21192,308af5e171635200,0.21 0.00 0.75 0.91
32378,028f8dba87d817b3,0.04 0.28 0.65 0.42
43890,02d9b48dd7b54688,0.30 0.28 0.82 1.00
21292,1f67990fd2fb0616,0.02 0.00 1.00 1.00
41238,22f95d2b2bd5ee8c,0.44 0.00 1.00 1.00
43100,002cd1e0476d2b81,0.00 0.00 1.00 0.93
4759,b64ea4715d28eca7,0.09 0.20 0.89 0.85
36855,8708fa3805fc0a42,0.02 0.00 0.69 1.00
24885,02dbaef3eff735a3,0.16 0.00 0.50 0.25
18983,5b1c7679a4163a2a,0.31 0.00 0.62 0.76
52813,0475f36640a9b23e,0.11 0.00 0.94 1.00
33100,031f42fb38e8121c,0.12 0.00 0.67 0.42
48387,d7f3e9815b864703,0.00 0.31 1.00 0.79
12531,341dcd2569b036cb,0.00 0.00 0.56 1.00
36871,3a0c8ce3667480ce,0.10 0.00 0.82 1.00
29556,0276979248bc1875,0.00 0.00 0.93 1.00
6065,2999b9346c26cb3a,0.37 0.06 0.99 0.95
31330,6edfa081fe744e9f,0.42 0.16 1.00 1.00
27313,35499e96922d4419,0.06 0.04 0.95 0.60
447,14be19686bcf13ce,0.23 0.00 0.65 1.00
13325,57ebddd6efa79552,0.00 0.00 1.00 1.00
35190,144e168da79c8f68,0.07 0.05 0.87 0.94
13648,3db2f65d479c35ad,0.35 0.02 0.61 1.00
27657,c00ebd493d6be937,0.15 0.77 0.96 1.00
11256,0350205cfc14dc9b,0.11 0.00 0.66 1.00
19069,4fbde67a5b62e271,0.00 0.00 0.78 1.00
14819,0b9e7607f33559ce,0.28 0.24 0.65 0.54
19407,005c724724457dfb,0.07 0.40 0.96 0.82
42784,6ff01f869615068c,0.08 0.23 0.90 0.82
49962,6cc285d07952c455,0.03 0.11 1.00 0.83
12222,267df2a741c7ad6c,0.18 0.00 0.62 0.81
29351,3dedc19b0aa31e72,0.01 0.42 0.73 0.82
21720,1e51b3afed67caac,0.01 0.18 0.72 0.77
32586,89aab43c2ecdcc42,0.34 0.18 0.60 0.78
23750,e1c2fe8d86ea26ce,0.00 0.00 0.92 1.00
20707,6d1fa84a05ca5e54,0.09 0.58 0.74 0.86
16247,4dd6eb23a4e39729,0.21 0.32 0.77 0.92
45696,2f9d99127db8f786,0.22 0.27 0.45 0.79
24838,46f76dd0475d0471,0.18 0.00 0.50 1.00
49028,1a93e646b272649b,0.31 0.13 0.82 1.00
25218,03fb91d55de25df0,0.00 0.05 1.00 1.00
11085,1921a1d79ca5343d,0.00 0.00 0.93 1.00
10663,1a17317ca8bc995f,0.00 0.00 0.80 1.00
49625,1a5149c09941f0c2,0.25 0.31 0.55 1.00
53507,03722850d9c63dbe,0.02 0.37 0.19 1.00
26389,d35e301026a2dd26,0.00 0.03 0.79 0.95
13693,0ce6851b201b2a66,0.23 0.00 0.51 0.46
1633,012947d44fd48d56,0.30 0.00 0.74 1.00
48430,00fa77029717047d,0.06 0.06 0.93 0.94
4732,0d2f7ec716c30671,0.28 0.22 0.68 0.79
24292,345703f34b6f3d4e,0.02 0.19 0.97 1.00
2242,59919912e4b5f7d9,0.54 0.24 0.94 0.86
28467,7013f8e2e8f6c3cd,0.06 0.16 0.81 1.00
48883,ea778e71df5a017e,0.00 0.00 0.95 1.00
45589,8029c8a07680a435,0.00 0.00 1.00 1.00
36629,212be0cdb3adcb99,0.00 0.00 1.00 1.00
15505,7f6e56f975564724,0.01 0.18 0.81 0.99
8799,0011393fc27522a8,0.00 0.00 0.75 1.00
19844,913b1ed12827e871,0.06 0.01 0.78 0.99
12274,31cc6004be75831e,0.00 0.00 1.00 1.00
24097,8d3556def3fd2744,0.34 0.24 0.48 0.42
43735,04e3faeeba000da5,0.07 0.40 0.32 0.76
25949,16eee4fc0249b90e,0.11 0.00 1.00 1.00
1449,03e4947a8116fb42,0.33 0.00 1.00 1.00
23836,004efd9fb5ab8614,0.34 0.00 0.67 0.75
10255,00f13acf0ae65ca5,0.00 0.00 0.82 1.00
3483,07e58e720b227663,0.00 0.00 0.34 1.00
26153,52165898666eb656,0.14 0.00 0.68 0.95
31366,000bdc6eff0419df,0.23 0.00 0.99 0.45
50024,d88b1ba3ab45027e,0.00 0.00 1.00 1.00
26203,84f11e89dbb2b0a0,0.19 0.22 0.89 0.84
37840,00a701c16edd0a88,0.05 0.40 1.00 1.00
11303,27190c8683cca5fb,0.14 0.00 0.53 1.00
19255,29ec204f73083c0f,0.12 0.39 0.36 1.00
47489,5e65215b11c3de99,0.27 0.41 0.85 0.71
18791,1588ce8b2887bcce,0.29 0.14 0.83 0.64
24964,14f09ee949912716,0.00 0.00 0.94 1.00
49423,869a5c363b94ce22,0.13 0.02 0.73 1.00
11500,3cddc76f07708073,0.00 0.00 1.00 1.00
22008,cde6ec2253b51d51,0.20 0.00 1.00 0.81
38916,0bddf8ffc5a4382c,0.02 0.00 0.63 1.00
27688,07f8109e02ae04c9,0.00 0.00 0.48 1.00
15752,06b905acecc77af2,0.06 0.27 0.91 0.68
23466,13aaca3e835f08b2,0.00 0.00 1.00 1.00
7096,9a99ebe21f77f5a7,0.25 0.00 0.68 1.00
25944,cdaa67357c149a13,0.01 0.00 0.94 1.00
21449,003a60cefbcb261c,0.16 0.08 0.73 0.74
41782,462d22fcbeabbf45,0.22 0.08 0.76 1.00
43170,0155e6d80a34c6a8,0.40 0.07 0.55 1.00
21381,48afa244a539ec1c,0.51 0.00 0.99 1.00
38946,2e20bda8c043cd20,0.01 0.00 1.00 1.00
12802,024a4b9f3a48331c,0.06 0.00 1.00 1.00
1285,0169518712d3745c,0.08 0.23 0.55 0.67
42473,9014e1bb76d498a1,0.05 0.43 0.74 1.00
13207,7d198e88927d7d50,0.35 0.24 1.00 1.00
12609,01096c74cb7d943f,0.27 0.00 0.80 0.75
9409,01667cc73cc292db,0.36 0.00 0.59 1.00
23549,6aa4a51156ba0d6c,0.02 0.17 0.68 0.70
28158,3c88596a6cad62b4,0.00 0.00 1.00 1.00
47867,b503a2ad4eba2906,0.01 0.19 1.00 0.84
13889,bde4f66af6f67379,0.38 0.54 0.49 0.68
18768,0ddd51e797dd1829,0.00 0.00 1.00 1.00
16548,43af873ab423a150,0.00 0.00 1.00 1.00
9794,8a16d7ceecd75cab,0.07 0.00 1.00 0.85
8324,87ed7cecd27f5d71,0.02 0.15 0.65 0.93
46407,93b372e41f4b3cd4,0.01 0.19 0.55 0.74
1050,9c4a75b806e6b8ad,0.26 0.00 0.70 0.60
42129,104c4ff53135b887,0.00 0.00 0.87 0.89
50416,07f412d35ddb385f,0.00 0.00 1.00 1.00
29479,3778f7d54654d3d9,0.26 0.05 0.88 0.84
24295,34f8ec0f0de63110,0.36 0.37 0.65 0.57
39408,6ebf0d8e14b7d94e,0.00 0.00 1.00 1.00
15070,019a91cbeb8d10c8,0.31 0.22 0.71 0.68
38260,00cc9d44e2bcf5e0,0.15 0.14 0.90 0.88
50307,b4f44dbc91e2e586,0.00 0.00 0.26 1.00
25661,0456ed9a05d371d5,0.05 0.00 1.00 1.00
48641,4dd70fb1a38dd401,0.15 0.00 0.89 0.87
13688,40ad0731936a8fd6,0.11 0.14 0.83 0.82
26419,1075b0e72b71fe86,0.04 0.00 0.99 1.00
46708,3f7b3278c5ce9745,0.32 0.00 1.00 1.00
18501,bb1b7b96f37c735d,0.43 0.00 0.72 1.00
47441,1f4293c6244a0cea,0.01 0.28 0.59 0.92
32076,310983783748a7e1,0.33 0.64 0.60 1.00
14434,40fd798d7b966ae5,0.16 0.00 1.00 1.00
49508,06d2cabb3caab35d,0.16 0.00 1.00 1.00
14289,0f0d89203e13a4ef,0.03 0.04 0.50 0.72
36164,08218a8efce957be,0.08 0.13 0.94 0.85
19484,5df3bf6abe9207e7,0.00 0.00 0.78 0.49
1441,c3d58b43f9f98b1b,0.09 0.00 0.84 1.00
12492,064b9ab556822839,0.00 0.00 1.00 1.00
37044,0271cea1587571b2,0.00 0.00 0.92 1.00
24494,06d9efcb372104ff,0.00 0.00 0.28 1.00
44582,801ed24e3e14879c,0.05 0.02 0.98 0.82
46812,05b250ba45080e17,0.26 0.13 1.00 0.93
16065,603a9a131b19a741,0.00 0.00 1.00 1.00
42640,5fc77edf51fa9c5f,0.02 0.04 0.72 1.00
28561,328f40750f5e68b3,0.04 0.34 0.96 0.62
36217,077d11fd11af23ac,0.06 0.09 1.00 0.86
1462,0158f083228bd761,0.11 0.18 0.75 0.82
1180,d76e0512691e9660,0.00 0.00 1.00 1.00
2145,47c193b8a982673c,0.28 0.06 0.58 0.80
42076,01166303db6c8a59,0.13 0.31 0.36 1.00
42508,3b00021ed2577644,0.02 0.19 0.77 0.72
26780,0427a61d62d41640,0.16 0.00 1.00 1.00
15959,007ccf0c32a4b860,0.18 0.21 0.60 0.87
2769,1b6f239a65eaf089,0.00 0.11 0.79 0.91
25606,062aba5f7a7549fb,0.03 0.16 0.94 0.76
32117,54716913b76ba400,0.20 0.36 0.76 0.89
40687,001ffb1c282cbb21,0.28 0.00 0.52 0.48
11743,0fe8d08cd99166f0,0.02 0.00 0.92 1.00
41090,20d1dc62bf8157cf,0.00 0.00 1.00 1.00
6335,000a2c8589c7c752,0.24 0.00 1.00 1.00
1789,01abd88aec908dea,0.06 0.00 1.00 1.00
35820,09dc257f3da76760,0.00 0.00 0.75 1.00
26319,02c56d6b88cf0cb8,0.23 0.37 0.60 0.51
4507,11b1aeb19d44c03e,0.18 0.10 0.66 0.86
31235,0d0d675bd01f8dcc,0.27 0.00 0.72 1.00
48072,3d1ae4393761bd30,0.00 0.00 1.00 0.40
2010,29ec24d3e6b0bc7c,0.00 0.00 1.00 1.00
22346,1bb59d97be7bb248,0.00 0.10 0.94 0.87
22550,391f855d7f108a93,0.45 0.18 0.75 1.00
28851,24558ae8760ad536,0.00 0.00 0.63 1.00
42597,079fa86e8210d753,0.10 0.12 0.88 0.80
47966,28e13245ebc18301,0.00 0.00 0.90 1.00
4748,0daec9c4e58da482,0.00 0.01 0.98 1.00
10522,01435be2a78f3f66,0.07 0.49 0.71 0.61
3272,7f13f338acca8413,0.31 0.14 0.75 0.82
26379,04463ed68d4b9b4f,0.25 0.00 0.67 1.00
21569,ef4d3f99c170306d,0.04 0.16 0.88 0.88
7724,4c1eea20b8d4c3e9,0.27 0.43 1.00 1.00
42810,66cecd7156e7317c,0.11 0.14 0.88 0.83
42444,6d7c5df6d9ae0755,0.24 0.24 0.63 0.64
50850,05f9adcd08ad30ad,0.26 0.18 0.59 0.86
23010,0dc3c5644fea263b,0.08 0.00 0.89 0.89
