,id,landmarks,Usage
84532,eaa1960c848ae219,,Ignored
98608,3554212e688862d4,,Private
71372,8bb5551ef0b5d5ff,,Public
106351,846fd7f47481b2c6,,Private
22975,2a81e65a86606a17,,Public
54181,61995f1fe620da84,,Public
8494,eccc8253170faec9,,Public
54674,6e3ee1121e7c733a,,Public
50989,0124d76a71e58d45,,Private
76802,fc33e6397d8fe813,,Private
10420,8c3502d092f6e8da,,Public
50245,8be3163376aa2192,,Private
105114,f885ce21856835e1,,Private
46865,f845a3494aa13720,,Private
63713,542107fe1bc062ef,,Private
101004,18627647c01dceab,,Private
43859,047c8a661056761f,,Private
53185,ecc0a29ec49e6fa1,,Public
8550,7d3dac7cf956d683,,Private
12798,cda86edcee9e1bfc,,Public
56213,f9cc82018c0edfd2,,Public
12876,c0e24ed662aecabf,,Private
57086,622dc64567c587d1,,Public
34248,e6f6f9d4e0f5917b,,Private
98452,6eead4f8046429d2,,Private
112711,253762d4fe4c66ae,,Private
1530,d4dc76365c8cf47e,,Public
26584,2220bdbc82a3efb3,,Private
86457,39999038161fe201,,Private
45152,7453f4ff4cccd83a,,Private
88434,7601f0faded3f416,,Private
95666,649584ca7baf91c9,,Private
53237,c7423e41048c3f65,,Ignored
4342,d8a03ed6046b0085,,Private
53693,fc2421f4e760af8c,,Public
71443,1339821f45d6f0c7,,Private
86426,5df3a0e4d9e73a17,,Private
107105,b2157a62e0c18d6a,,Private
117622,afde1ce032857b9e,,Private
4630,5e64526962e67318,,Public
19697,7039058707605c4e,,Private
23584,df2b27a59bc2d82a,,Private
31166,de4e5576b6efebc4,,Public
107554,e19a2121429de106,,Public
41615,ceda4e83c28e550f,,Public
25309,fd1eac6817de9763,,Private
9299,e832be703608ba39,,Private
45074,d0c09dab4546668e,,Private
77002,0ea01e363de9bd7f,,Public
74404,48296876e2a8c7d1,,Private
7493,985feae6f5e78af0,,Private
102383,c685748d554008f0,,Private
50596,f2017e1078f155e5,,Private
112505,2a61c77111003f8b,,Private
70333,f694fa95069aea4a,,Private
113185,943ac19e75123138,,Public
81662,6877aac60596651b,,Private
14828,4e33a3a06e329911,,Private
70234,c3667f20089a5ffe,,Public
24679,27bf803981222f89,,Private
98997,fe8997688f6cde2a,,Public
49379,945434b180b69a05,,Public
96961,614f75b4383a5e7f,,Ignored
47199,5ad430ad825f379b,,Public
89027,caf662a0e2715ff1,,Public
36756,3f0946b339fa8d6c,,Private
1376,8eea539a005d6177,,Public
3925,5e5b91c7eabd553c,,Private
32903,6d11ff94ff352dd3,,Private
113230,d5960eff809f2546,,Public
10121,8b54622691fb97ab,,Private
14201,d4c612766233d430,,Private
10132,7c2bcde005ad4d7f,,Public
69348,0f7bb9da05a2f5b7,,Public
6024,4fcdba109124a1aa,,Private
59753,5c8a40e31425bd59,,Ignored
42097,2fa36ee77216b6a9,,Public
21026,3643c5b0a54d6f9d,,Private
22927,9e6adcab3a4c3712,,Public
58712,b5773955dc728f49,,Private
61825,29a023b6ec5aca62,,Private
3545,a2df6d8ded7f5a44,,Public
92800,8055407c2b86e7e4,,Public
62213,89fc89398bac1ce9,,Private
64644,cb711df2091a8309,,Private
3880,32dffbb3553fc7f9,,Private
25265,377aefc0c70ab6e6,,Private
72234,d636f1396e5a902c,,Ignored
6998,583d55e23ba216dd,,Private
117035,b52a050d607d4820,,Private
64439,505f0e37cc80d8e0,,Ignored
4763,36ff5188f0974d48,,Private
31221,b2c5bf7f741e97a6,,Public
83182,8edf3cb4587c9898,,Private
57452,9e7fb4c35fe56963,,Private
109197,8f49c2f8601d330e,,Private
51804,3710b49d65f1df4e,,Private
11334,4ffffaeef8f3b06c,,Private
78322,657453c199d8656d,,Private
116953,d9764041f9a2bc8a,3922,Public
36763,be2582642429f158,,Public
86415,de4066628d746216,,Private
6674,a785674b5a2b9235,,Public
30964,696c6e347f028467,,Private
70664,9b15ef1214feb06a,,Private
62779,aaba478781bc02b0,,Ignored
63856,6d8b1895eea3b97f,,Private
15263,118dd6c45217b3b0,,Public
6788,955c31d9366272e4,,Private
15840,59ac8ace69ffd20d,,Public
108363,45729de5f26d6905,,Private
8008,bca5564399e0b5be,,Public
70832,a31a54e39b24cc28,,Private
26090,2f60b8a316070106,,Private
78373,1d512dc78c181afb,,Public
37376,46fccdc2fb6553a2,,Private
67799,5aaf2127321d11f9,,Private
11805,7c0a733ad3ad7537,,Private
85466,e12ffb9428ff4499,,Private
35565,1be334074637a7de,,Private
115761,ce905a26a4616f81,,Public
99365,393eb99a996fb80f,,Public
28153,2430eea9a97f2629,,Private
54978,f5402c629b618f1d,,Private
11577,67b76d6dc0322f1d,,Ignored
28464,94f98b50f56eb73e,,Public
83675,89accf264c8b37cc,,Ignored
101815,dc63b04e2ff3f102,,Public
40167,350f9a6bf2da9c62,,Ignored
112264,a40d02ce0770212b,,Private
13511,ab33c9f17ee6a426,,Private
38070,478e2ae363aebd2b,,Private
27507,e2a76322ff9dfb2d,,Public
104469,b768955137cc669e,,Public
116136,02ae3473772bc38e,,Public
75039,c6c202166c77b9b8,,Public
9145,e98f1d0bdf8b543b,,Private
73647,541116e8c8424f8c,,Private
38115,ad169dc9e87a43bd,,Public
2988,0d5b69ca0868063b,,Public
85945,74e3ce817584a2b7,,Public
26857,f442bd4901ebbb56,,Private
78138,555307d8bd1cece3,,Private
70158,9ac34be2985aaefa,,Public
6179,351822a6afbaff47,,Public
33711,649e7b1627f343e8,,Private
41644,59d66661ba4e8f3a,,Public
35638,65a45cd0c311ed3c,,Private
93858,6da621f6e315b2f5,,Private
11095,ae221005a937892e,,Private
114023,8a89c9d3fe066e60,,Public
33635,be4f9242508c8adf,,Private
8166,9683f121d0cad1d8,,Private
48388,d2086272bafa37ed,,Private
85025,dd8f5e737395d8ff,,Public
51696,45ffbbf77f69bbb9,,Private
46815,09b8921fe63aebfc,,Private
30919,4a4090ea7e8a7642,,Public
49764,52e8c1ab160f5b4c,,Private
9138,d5f040f6f3ff6a9b,,Private
87979,107d0e68f3a6e19d,,Private
20573,81f253b9cff6d552,,Private
15242,ee7dba4790cdfc43,,Private
18371,c3184379e094c5e0,,Private
47861,e393c32df8a56e1a,,Private
108238,1a43be49e3b53385,,Private
34058,86d0d5c2dfcd2ba8,,Ignored
114184,c5e4dcb7079d521c,,Public
35515,354dbe4904db8c9f,,Public
18586,17918b6819a6db64,,Private
55364,d12d4ee36703e68a,,Private
68714,ce49070d2caca075,,Private
23890,05e1953c3909c39c,,Private
36629,df17bba017a3d094,,Public
31196,f3bfabafba8d6bbc,,Private
20206,67947b5064991dbf,,Private
20652,40e92d9069708684,,Private
7372,2f7fb9df33a41478,,Public
25516,218b15d85cb8ee23,,Private
56046,44c46b7bf48ea504,,Public
96162,41a4b7ce3fb3468c,,Public
24027,52e8123970455a4d,,Private
116321,5fd1a1cec3548552,,Public
101543,374b03757268962a,,Private
4708,64d148d71765d36d,,Private
64351,76a8d46057dafef2,,Private
46168,5ac54ff14d8b20cc,,Private
51727,4b0071aa8b6bb7e1,,Private
73932,7e14231173092482,,Private
42220,1c572ca6a917ab5a,,Private
43243,09cde42c8300d6e6,,Private
79404,c1cbcac7514a6576,,Public
21,69fd486629b894ec,,Public
486,88db27ef2e2fbf11,,Public
107791,9839cbe6452832e3,,Private
96273,8d726e2f13ca670c,,Private
9411,a8f7b92cfeeffedb,,Private
26986,bfc62f40811b3741,,Private
95726,1de9ca71df90aec2,,Private
67938,c45de3573c23cf0e,,Private
67910,be844b480ac3db3d,,Private
113756,5807f07f30b118f7,,Public
83272,3c3361bd3dbfd05d,,Public
35856,7ab8045b9c5b76a0,,Private
45557,d2fe29b0527cc78a,,Private
42898,a7758d45a595b397,,Private
28911,beeaeb79e321ca4e,,Public
2309,101008f3e5a2a195,,Private
38626,2afac4128a4f0d8f,,Private
21248,e71f7907eaae22a3,,Private
100151,d5f54b8ba1db6dd1,,Public
102082,5988a1a05be696a3,,Public
94966,8dc6a548da8048d1,,Private
20208,f0231d988f5f5668,,Public
31567,dd22687fb7a3d898,,Public
108572,301914f74f6e5038,,Public
26647,dab3238c937c7f43,,Private
65635,cf9ab53830ed237a,,Private
61711,403fa4d953ae1b2b,,Private
60742,9b4aea028e662bf4,,Private
78278,8aea65a958492b57,,Public
80805,65e241c927ad120f,,Public
2729,82a93cbc3a6eed8f,,Private
4289,63c4cdff8fe42ed7,,Private
72764,fad5f2a905a3a627,,Public
18402,abbbf82e39d04d36,,Private
44635,8f1b391409a80b24,,Private
85522,09f5094bc3f71d84,,Private
104534,3b2dd906f1bc8c7f,,Public
99837,1274df3300c28069,,Private
72763,0df94178c03a6e55,,Ignored
23236,b715f1ffcac2727c,,Private
37013,fe406883645951a9,,Public
25593,44391312e803add9,,Private
113108,39d3211234ce35ad,,Private
75448,105c0d0ed49a40bb,,Private
45693,3f4d47fdfb9c124f,,Private
5834,4133e9d2a836e820,,Public
94613,ec46f47642ce9332,,Ignored
27688,5aaec6c4b2ba4d2e,,Private
71700,8bf437d89a92b214,,Private
107553,16dbb4f11bc744dc,,Ignored
102871,e1249ebe3720aa2b,,Private
24127,e25299a9f51bbbc8,,Private
53815,5675f5adef7141eb,,Private
37550,5f29cb3af4db11ae,,Public
78776,f9bafc6434dbce43,,Private
106064,f69d8977ecc26644,,Public
33282,d07f861de7cca163,,Ignored
22337,a5833f5a6d2d13e4,,Private
9187,e472b5cc680fc083,,Public
12093,d6c6faf2c18a6e28,,Private
80941,9e071ff15be7bd17,,Private
111023,510206045ddd37b4,,Private
15896,40927b0ae79408a1,,Public
24891,98cc518a6f6eb9b0,,Private
76405,25802d06c974f9e9,,Private
26265,2eb986741335fe28,,Public
83676,03b22d079bc52760,,Public
97267,ce00eca5e0432449,,Private
54826,f81cdb26f818c54f,,Public
58013,4d4e60d3a15339ac,,Public
9270,c233fa5ed3b1dd1a,,Public
37639,f746c670d6ded7f2,,Public
40458,cf774e2273577440,,Private
62177,a28d8caf48fc0f16,,Private
82495,9e199a44d5c8b2f2,,Private
36186,3efd4fef9ec365ae,,Public
115474,d15a2c872a433b9e,,Public
81597,432e1866653bffe0,,Private
111941,6e1c4132bc8bf454,,Public
98475,2a14ffdfe8f68dd9,,Public
4857,39b2603f0fe809ea,,Private
6849,1640c02216a1bfe9,,Public
84417,1ad01f0b408c9230,,Private
42692,b5ffd1ad74ecaf71,,Private
17045,22dbabd4b396e006,,Ignored
84551,748d2a4af94feca6,,Private
18729,d742ef4b86299778,,Private
107408,efdb274598ad4ca3,,Private
5145,55affe625ec695d8,,Private
42605,9e7c540b123ae1f0,,Private
18265,450d6cd965232267,,Ignored
38235,7cb89030792a0ab5,,Public
11327,44be696d1fbfa75b,,Private
6210,181656d682c2e12c,,Private
91735,ed39be149b87a1c8,,Private
92512,4d6e452440e8ee20,,Private
63108,9787ee00f34c31d1,,Ignored
42920,5bcf62f339285dc2,,Private
41451,7def9b277a9fc9f8,,Private
61728,9ea230e748bae35f,,Private
31681,7867667049a42a16,,Private
9172,78a5706ddc264422,,Private
27331,a88496189adf060e,,Private
109641,2b4e2cfbe660e36e,,Public
92190,86d507dab509810d,,Private
96219,c81be9006f83e7a7,,Public
4086,ad64de8720a87d07,,Public
117338,9cbd46393b6d0131,,Private
88234,282eca141dcd006b,,Private
62369,f1c780c1543f518b,,Private
64446,a47e5ab0fd5321be,,Private
65552,c92ea5c6bf04cdc3,,Private
56284,001b715bcc3404d0,,Public
37829,6527fa0f1420222c,,Private
111325,b7e640b4ba2642ef,,Private
116089,d6fe8363cbed9987,,Private
92972,6f958bb7f45f543a,,Private
21303,5255b48928aef2f7,,Private
73574,6dd63e3a4c5f90e2,,Public
105068,835ca3ee1f407c12,,Private
114535,cbfba2ce6f19c072,,Private
117078,52efbde203b97ff4,,Ignored
65996,a95a021512d6c165,,Private
50814,fa02b6d0fc1fe92d,,Private
49196,709a17e82d697f9a,,Private
51332,4c22a2c73dbf14ca,,Public
6556,6131025f37d42110,,Private
30634,a48d3c83db88331c,,Public
43131,16e6f90fde82f06f,,Public
46358,19fc9c34d206861e,,Private
67296,2193a7eae914f218,,Public
83291,eabdd12edc837570,,Public
102238,773aa011f1c166f7,,Private
15178,ccf81b3fb0caa56f,,Private
99179,8d64473d3e9afa3d,,Public
92177,daabb3781683d46f,,Private
56416,de448589a4288dfb,,Private
82125,c77ffa5ba4227f9b,,Public
99106,1c1faef68257134f,,Private
93907,bb05f04809169af0,,Private
79067,0b0f8f9da37875b4,,Private
16105,e84d1bb9c3c6c3f9,641,Private
57719,8ed27d3c59d42a05,,Private
63952,d2a62e6afd315f1f,,Private
11345,e9221cedb41ddd1a,,Private
27375,874b2d8436ea7f1e,,Private
42108,dc415f8f689fe276,,Private
37951,80e4f94ea1118196,,Private
56025,eaccb63207e646d3,,Public
18740,7c1a4bca170d4528,,Private
53371,39e292cc19128104,,Private
39203,d2cdb44015fe9ea3,,Private
115954,2314da5c41c8fa4d,,Private
29829,ccb8bd2fc8ad82a1,,Private
35696,fe68919d93a4afe3,10728 14209 14578 4426 533 5492 5658,Private
69849,7ee73e27ac1daa01,,Private
109460,caa5fa5c98d4ce72,,Private
115641,0a050eaf9542efd4,,Private
31935,eba7a7f21ab73e4d,,Ignored
29741,e7ba590e64ffeda4,,Private
22683,2bad322929a6555c,,Private
84400,81111edcdb061072,,Public
46056,1de4891cf0605fc4,,Public
21925,be4262b218a888af,,Private
21563,460b67d8caf8ef98,,Private
56762,ef47bb25445a4739,,Public
74543,d27931a2522ec83f,,Private
27211,4b051d16935ef55b,,Private
60926,e2bdc1c496e1dbfe,,Public
87742,7464541774c80caa,,Private
57397,6109f3d5c943e94a,,Ignored
15447,e355801dbca41b13,,Private
23434,c8b59f692a04f009,,Private
33504,20ba949578a4dbac,,Private
16841,ba05072ecdb7a502,,Private
7318,bd2a309ed798e33a,,Private
65205,636109443c79ca6e,,Private
43006,ed2cda1b1bfc4581,,Private
82282,ffb3d35fa9c35705,,Private
55098,017d3121fcaa7155,,Private
105107,89f430be265c2d4f,,Public
16835,8bd6160d989ba98e,,Public
47303,231dc3009b880089,,Public
108481,44f2d70e13d9ac53,,Public
52141,75a21b6241534585,,Private
92907,d208f341709878d7,,Public
96935,4bcd523ae2a51853,,Private
115778,60b73444156da6da,,Private
102313,10dc25a3203e1c0d,,Private
53882,fa3e3a72253e19f1,,Private
116593,31d3b548231c98bc,,Public
90891,1471436b1b3378a6,,Private
79598,c16b8ed6cf26aa58,,Private
49339,b78eacc210594d7e,,Private
112656,5fc4827356068d56,,Private
91254,57de967d4cb27ba1,,Private
41613,399dce655fb7eb08,,Private
29907,ed61f43c3220fad8,,Private
74178,6d7744042044bada,,Private
7727,b2ee005b690b6e80,,Private
100505,b925a1c02446b14f,,Private
83369,62a2ac0b7d892c9e,,Private
35358,f28213d366815cf7,,Private
25316,e63e66a970ee74df,,Public
95472,c9abae73003f65ac,,Private
30355,6f69793be0c0d81b,,Private
55864,05e8e2d87d303e0c,,Private
43600,182394552a9c0b93,,Private
56715,0d32ab91cb46e210,,Public
28398,dd7e486d9532c477,,Public
2997,b2278bb5fd89f54f,,Public
86797,9ebbb8cd02163347,,Private
36176,9d765b2d65ca2aaf,,Public
28480,561f3f6a53b32059,,Private
103266,f5c592d5de233cba,,Private
58569,536e6bda8539f7b7,,Ignored
49244,ade7f6d29082b3a1,,Ignored
79149,8fe611b1b17c7866,,Public
111172,342fce11c79c1947,,Private
90629,23a534058c0bd57d,,Public
96899,4d4d584463c73c28,,Ignored
44742,d4e97393337953b6,,Private
1707,649487d046546f4d,,Private
8147,e058c9b30c719863,,Public
104544,9aaf603728bb1879,,Private
59860,0cacd7306fdd7d05,,Private
102404,e25552aa8cc6d36e,,Private
3358,53c1fbc331d86479,,Private
108321,76e8842c742ec441,,Private
110672,b47447bff2f61f20,,Public
43059,827d199b66687b51,,Public
60715,3f6e2c8a2cf9f51e,,Private
55003,86010f2aad7ce2aa,,Public
1111,204755f49657bb5c,,Public
100112,dc7126b7a021168f,,Public
19522,d050fd1cafc9a31f,,Private
20267,a8fc3abcd5c24b3b,,Private
1256,adb1672b61357bd5,,Private
105875,a2d375ce69f25492,,Private
11658,2e9921e0bcaf799e,,Private
57117,5ef9d8b721e58935,,Public
92578,50d255c545ab0f1e,,Private
28934,90eec73bfc61f219,,Public
77257,5d444db21a0bde85,,Private
67177,f4d044f864001532,,Private
78461,b5b2bcfe5a6aba65,,Public
4936,16b17d80b006fbe4,,Public
63796,37a9578a685246b8,,Public
86635,d5a6b5fbeca364a4,,Public
42610,ff7a17d9abad873c,,Private
13885,45b1e5fe30b12ba8,,Public
33776,39408951fd57c794,,Private
98251,aed59c3f845ac8c3,,Private
92844,5711801d9d529060,,Public
110707,d0dc0631fc2a829c,,Private
16274,4627e549f16f5f21,,Public
76719,e287d704307e7eee,,Public
47272,c1114530c2b008a7,,Public
75427,3fe98f2a7dfc8c4a,,Public
79365,061b81c818e05d0d,,Public
110072,89b70b2369cb84c1,,Private
114473,98169aa300e4555d,,Public
44737,e04e988fcf2f96b2,,Private
97572,a7745293eda46bf6,,Private
84035,198efdad5d2b7e20,,Public
64375,a20e03784e913f64,,Private
84429,30b1ee7f316ba409,,Private
42316,bfd7640aeba08130,,Private
91518,bd55befbc1d3478d,,Public
116252,7d9e618a73b547c0,,Private
43638,6e2a954c18c360bc,,Public
26809,7b6ed62976a4060b,,Ignored
97792,6e0f162a526ee89b,,Public
25009,18b92dacd4cf9366,,Private
81675,3124cc27a7656cea,,Public
70087,1edf8d1cb8340a2e,,Private
1076,0f6972abec4b0e62,,Private
100494,3cf3d4e1096d4b76,,Private
83945,78a47b91448645ca,,Private
92759,ce9d22e86790b144,,Private
17349,885c915f8a7277b6,,Private
602,c7894e16b791a681,,Private
36200,af2c291d5cc09488,,Private
20111,631f969bde5fe451,,Public
54850,4d05dc57b1952f80,,Ignored
23966,a8141704e447681e,,Private
13837,ba3d21db1536a790,,Ignored
578,b52f94cbfb6210b6,,Public
35179,d974f16003807c1a,,Private
71645,4f3a71b8b347f42c,,Ignored
106298,abeb7aaa829379ff,,Public
59296,415b39c408a65160,,Public
35928,aa90b9c8b0791361,,Private
16724,7792a48a3dd2e2f3,,Public
32125,a0e1d1b2d30d658d,,Private
110359,b62b8916aeb8b6a0,,Private
50235,1cc4311688a1b5c1,,Public
15339,835deb8a84a26b24,,Public
93730,d47fb5e8e00d8ea3,,Private
86028,2e6afbd0499f1b8b,,Private
87391,4ca38e50e6c7d650,,Private
4369,18bafbb0b3316249,,Private
94397,73ff0b6ec91f02dd,,Private
73392,a9ef10576a9d637c,,Private
9672,2794bc64cc0e5309,,Public
80356,a2ee3e18d2e0396d,,Public
46775,3956b86de86f6fef,,Private
21844,98fc6c61b06407b9,,Ignored
64149,d3287e928b07c296,,Public
14997,14f690afdd679c7f,,Private
33225,0655a412298e655b,,Private
47981,b11b5a69aa961bd9,,Private
108874,62a4c4d8805cdece,,Private
89048,b18c6ed5e36e46f7,,Ignored
94674,da7cb00c0f0c8508,,Private
60060,2a192ddfaf41f081,,Private
46764,5bbeb3b4aa974ee6,,Private
55131,b32a7a80d127e699,,Private
31804,d4882fa4ba804990,,Private
41053,8ae65409fbe14ecc,,Ignored
20748,d4a9a13620138292,9742,Private
52972,5029f7d19722a0f7,,Private
109224,6712022acd8ceedf,,Private
19568,e6228243451346ee,,Private
90684,3df7bba4a2c8b70d,10061,Private
43872,d239ebf3880ad242,,Public
29204,e9be721f77059b28,,Private
33802,96d162e0410f0b4f,,Public
12346,56330e8819abd263,,Private
65886,8493a6d9a415c566,,Private
18560,693ab5dcf021c6f3,,Private
717,7f5b887eb9559183,,Private
63958,fb5f0438c885040f,,Private
93383,8c7f1582bc60f4ba,,Ignored
23450,029146de568f5edf,,Private
66595,2a4665fcf3713c10,,Public
91408,5c23c1a4710b1bd4,,Public
5,21708d4a4d8c931c,,Public
91960,d3b69923f8e2cf1d,,Public
31734,d2bcf8937103e48c,,Private
78102,48c5d17ed8b1d515,,Private
58777,2839285b0bbf68c3,,Private
97876,0ab4bfb23b0da679,,Private
36360,b8795e3ae55985dc,,Private
110739,df0756283fbb8bcb,,Public
103372,0a73f7a7e0efa0f3,,Private
19203,43b64883baeeb2d3,,Private
11887,11ccb45b8d1f6f38,,Private
91595,fc1478bf99682fd0,,Private
35419,f95cf3bd3db9fd1f,,Private
108558,360de73d724fcb80,,Private
48394,b4184dae2e2357f3,,Private
40497,6fa484f790049e23,,Private
82855,7580b249f1f572a2,,Private
78909,96e682dff13a2eb9,,Private
63172,2de0b2cc882cca8b,,Private
42073,e8ff90a1d89461ac,,Public
65465,0d126b572eadb53e,,Public
8422,58bf29c1db023fe7,,Private
93782,a58a23420cb3f9f5,,Private
81087,e036a43f990d0236,,Private
17846,4c5fedb20ada2c49,,Public
20335,53afa4039e1b8ea1,,Private
111839,b8579c558b3c2900,,Private
36042,624cdb9923b80000,,Public
107307,7e3831624d2b050b,,Private
32904,77364030becbc523,,Private
102039,c2e338147dab34a1,,Public
72444,2173f75134b84094,,Private
116148,e086a1a52ee813a0,,Private
49955,f2805975ab8bdeb2,,Ignored
14840,3c7e201d9e90dd50,,Public
95507,fc7b764f72c932ed,,Public
40472,91c1d90161133013,,Private
113455,fb3e110226d3914d,,Private
71233,746e05bbedb1f93c,,Private
92769,e9f1f1a17e097294,,Public
36566,eabe2627e72af24c,,Public
116716,a3d45d3e7118fe7a,,Ignored
25459,30316a501c720260,,Private
114387,1a87bb31f400b3a9,,Ignored
94019,8578c32d401dc129,,Private
83068,3f44f71a8b719017,,Public
33867,d6c2ae7e7cab18a4,,Private
43753,94d473504c34e397,,Private
54115,9056fb4c72adcc95,,Private
17453,5c97003954fac808,,Private
40606,3496c7fe81299b05,,Public
61974,01d4d566920dfcdd,,Ignored
87994,bc73455e0efb1772,,Private
84053,3a71ffe9643a4855,,Private
53279,50046e855326c8d7,,Ignored
49319,75e13a8c1c20f81c,,Private
85412,f7d254be133b4d7a,,Private
52617,4fb5592e567590c8,,Public
2863,e4b5dee69c3657af,,Private
24230,d9467b43d45ea52d,,Private
56718,1e3962cddb7d5227,,Private
10838,dc4ad3da6db838a6,,Private
93300,f36968ee8264db55,,Public
98415,84a92f1ffe7539d5,,Private
34598,58302a7fde5d2ee0,,Private
19246,35d1fa6de5d821f6,,Public
13260,c870d1c292ac2e49,,Private
17140,ddd44339ce137e86,,Private
51973,b5cc527e9de28d65,,Public
70621,3fc9ef77da9e8267,,Private
72670,d653a10f6eb09b55,,Private
5826,08d0edff122cd608,,Private
29092,93740e8e8db01cf0,,Private
101845,86300fc86eab7958,,Public
109452,ca7e076aa071e50a,,Private
91633,5f3693bc1f126cf5,,Public
68298,35fbef7a6fb0d454,,Public
101209,231c2e0e398a8729,,Private
66136,0f2c77c67eb80f93,,Private
69388,14cfebed4b94ffcc,,Private
76722,7bb25ca7796708bc,,Public
13786,85b352bdd86a4fe7,,Public
17907,a1df139ce201b1ed,,Public
2302,af567278745c9f2c,,Ignored
55413,5519fde8720ec82a,,Ignored
91157,81671db1e7697401,,Private
35592,2eeacd0901028849,,Private
49935,908d424cde352a33,,Private
6645,ab2a143c4e804f24,,Public
45158,49973c2a2608034c,,Public
106332,722279c07aaa85be,,Private
94387,a3c7c410553d2cb3,,Private
233,4f27e05fcec20704,,Private
22809,b3f4b5320b6a24f4,,Public
4129,b8ae586c23a5c47b,,Public
85641,ceb80018ec1a3c36,,Private
27273,2f8d7442de471860,,Private
49125,532a0ed847290d6d,,Private
52272,4405b86488938a43,,Private
26810,df6a212f425a5eaf,,Public
53828,ca2c56b972b83f06,,Public
76083,c513b69a4e320d7b,,Private
29234,569d94e3a36daa98,,Public
95828,de91638c4eafbe5c,,Private
12685,efeff26056fe1ab7,,Private
9632,e8f40b00447cf535,,Private
83051,7348d19abc5fa427,,Ignored
33011,46b89582770c7785,,Private
10565,3e5dd1d4533b0055,,Public
115902,a4761fd6f5a5e7e1,,Public
98482,346537d6fdafd706,,Private
57071,4ad934543ccd6179,,Public
117627,3df621e50f75b75a,,Private
71817,c98940ac27dee898,,Private
25321,7139ae1bd8c96a8a,,Private
2183,0675c534627693a8,,Private
21178,096f422fa2e06691,,Private
113085,24669a66c49db4cf,,Private
19414,8d8559347fd777fe,,Private
74164,88773f9367c6f3b9,,Public
27455,8f97b131c2ef12a3,,Private
62552,625b15aaf2abe7c0,,Private
10010,593bd5d9e5c58237,,Public
88082,d4a58a7dccb78e66,,Private
64732,5556eb6c3454b31b,,Ignored
11936,0eba72138627b291,,Private
42191,521f90de27e69927,,Private
57675,f63f7629716ecb67,,Public
44812,b1b9aa6da67cccd1,,Private
39049,0610149a190eafcc,,Public
39390,45ba902b5df26f7a,,Public
34512,4315ac7ecadc9fec,,Private
76601,0f48fd23787d7729,,Private
40314,689d8a4df9832ed9,,Public
113679,41c35ebf758f8ee9,,Private
92840,b60288013aafadc6,,Public
25610,18e57c29d64c688a,,Private
95417,b88e4907236b7f12,,Private
85925,9dc4222f1ef1fbc3,,Public
6164,bc2fc75d73f086fa,,Private
76517,2f040ddfb8c21177,,Public
112300,66e02e69a7a16290,,Private
12490,3d694856efa351bc,,Public
69177,3aa1061ed448ab4b,,Private
10135,87db144937a66e77,,Private
104083,c483422ee52397f8,,Private
30140,7a56a16905284c93,,Private
13921,4b90ead176e508db,,Public
64222,3e7e21aa3721d06b,,Private
83154,c09baec2acb5265b,,Public
105423,f0ee6fc10574d0cf,,Private
66957,ee020fb1e70441e8,,Public
8696,08f0ed70e1b4a15d,,Private
17990,719dcbb52e3c93ca,,Private
84160,c57474290829d292,,Private
103720,2f928e7feaec303a,,Private
22625,f14ce466b33d41e2,,Private
19383,49b2260808ae43ae,,Private
88809,0044b7fa53f00c88,,Private
89500,ef7579f20aa5d9e0,,Private
70484,5d43380fdaca1219,,Private
113333,bbfed92a0c864738,,Public
60991,4e1e2a5c952a0baa,,Private
99975,138432645e362296,,Private
64527,eb4d8988465f7a74,,Public
117215,1a960098bb21d3bb,,Public
89061,893f6493fd55387c,,Private
75839,9cbf3d60612eb19e,,Private
44329,ea574fba4333be95,,Private
24890,175543042e0b07a4,,Private
81699,8076ac82b37bcf62,,Private
45930,a25f66f74eda744c,,Private
53386,c8c096d704242899,,Private
46723,c8f9d6ddc2f0ad99,,Public
12761,617b80252e718fd8,,Private
50771,17ed63e5486cbd33,,Private
29901,ca769144bc4f52dd,,Private
71701,cfd1e10f569ed0d1,,Public
13801,2115b83feb931d3f,,Ignored
49987,890219830f3aef8f,,Private
114060,53d4a39455299ffe,,Private
65427,314e5de56cb1d584,,Private
76970,aa78a7f5eedec970,,Ignored
44989,a5fba5b63a30093b,,Public
61585,bd81619f64b63ab7,,Private
4594,b94462374dee1dea,,Private
46160,a943085c80e6b4ae,,Private
85226,32ec1f89ff4a24c0,,Private
1906,449b21d442dadb26,,Private
108407,b0bf2088a9f60002,,Private
10991,b51aae69ee4b2f85,,Ignored
94841,b4dc8092172973d3,,Ignored
42271,25c86394a9a8d1f1,,Private
17426,b42771d0476264f9,,Public
79662,5e2a6995ba344242,,Public
20850,b9d3f176eb4e47f7,,Public
94681,68fa9af86c4ff633,,Private
12363,9a1a83f9b0d0d3cf,,Private
114287,6fa27edd9931bfdd,,Private
89650,4519dba305945910,,Private
77118,9af6a15e7b89a1fd,,Private
77010,130cfd7d2ab35330,,Private
18598,deb020ec1c7f1bb2,,Private
23313,b944296ef66d77ab,,Private
46053,f6ff54e70369c254,,Private
59869,3cdbe6e748037c75,,Public
19939,74cba6323691cdfe,,Private
32383,d906eaf13ebb6d72,,Ignored
84394,8d908b9afdfe3f44,,Private
4589,41cee637c71d6e7b,,Private
3529,6874fcc0f4329335,,Public
81263,ee255cafdc79f370,,Public
98000,58303658631e98b4,,Private
8258,ddeab39b397a1f38,,Private
30133,f2184f857e3f4230,,Private
1437,ff9b74b4559aa464,,Private
19343,7872c0d43f006cf4,,Private
97355,5033bc034182be67,,Ignored
61413,32adfe1e4707fb3c,,Private
35348,5260f16b9aed318e,,Private
2198,59e2e8d350505458,,Public
63306,96a921252e0375e5,,Ignored
15922,1f116cf4e94fa9ec,,Private
22874,1025fd586aed6bf1,,Private
111771,158473acb05af7cf,,Private
18817,9d719b4385a0b3d1,13511,Public
98442,fd66a3ada2ef854f,,Private
48437,ded33c1e96511d51,,Private
115302,4310c91709522e92,,Public
16794,81ff28647617974b,,Public
47546,fee7f12007babfd6,,Private
76070,19c7ffc5c12bf162,,Private
45462,7086e10867361369,,Private
70242,8736306d596b76ec,,Public
114099,37a68790f5ba55e7,7008,Private
80319,e619b0b48fb10d61,,Public
65704,7e0c812ef5653339,,Ignored
105505,128fbbbbc5282654,,Public
69376,aaeb75af28ca21fa,,Private
42861,6da192dd8d5f5e68,,Private
56999,9be58f14dc921e41,,Public
31540,fe59228ad6d783bc,,Private
52341,8333151feb6c3a69,,Private
76391,86cfec1474d26ea6,,Public
112646,51da2c744db4ef7b,,Public
51573,e56e3169d9e230f2,,Private
91316,7d4916142b7baf01,,Private
29191,23a3eb1cd0fb8df9,,Private
53721,00d6649ee31f41b6,,Public
100109,c5a2659447f3acdf,,Private
25335,c95b176f2254775f,,Private
77904,3b66712777e730e2,,Public
27722,43d38c0312a34bc1,,Ignored
92689,f117b7875095c9a3,,Private
63045,cf5f613ad17d037a,,Private
91961,3730fbb5dce43fb2,,Private
68347,bfbac031df3d940c,,Private
17248,4405304efafd0f09,,Public
23042,189bbca94e8264fb,,Private
103608,7717ea67aa28540a,,Public
37108,1ce94a6d0ebffcab,,Public
85322,7e2c61408f954e72,,Private
18460,f825fd3f3c01892f,,Private
98123,e73606a6917bd906,,Private
53074,9421779468001d9c,,Private
97366,ca58464386351c71,,Private
47548,cb267145f8a66d9e,,Private
55117,20faa0460faadb8c,,Private
59761,6691e82f77fdf572,,Private
39640,e1a7e29eb69d8798,,Private
67126,50d88f0cd48203d3,,Private
29379,e1622e2bc7805ed6,,Private
30370,9f02201122c8500b,,Private
70754,b4449bcbb5d6d801,,Private
97068,88c71fb55eff562f,,Public
109891,7b6224c8665e1e93,,Private
7730,7c510d497eba5c3b,,Public
52228,1a2a78bc56fce8a8,,Private
116233,2670ef0320683487,,Private
105939,3d960d2fc626ce17,,Private
109874,18fe4d44aad6a25d,,Private
69201,cfad60a662c59021,,Public
99514,16c97cee139e81e5,,Private
98941,c55e7e22592363ee,,Private
75532,a89a9b758a4e7bd2,,Private
54602,a73b2a81a4829bf5,,Public
101195,ac72a353deaa273e,,Private
110848,62b3f6a37f35aff2,,Private
23380,8609f9c696e31259,,Public
64390,c6fc1591eb1f0ab3,,Private
34736,2adf168e3419a80a,,Private
107646,c92548c12c2c68df,,Private
35215,c1dd696754a9a490,,Private
104480,11798fe5d99407ad,,Public
14496,cd3cd6b63f7af3b6,,Private
104285,3d42a251dac65958,,Private
70692,cf40b0175192ad00,,Private
53652,d657dc37533c623a,,Public
3028,301990580fde1477,,Ignored
106715,0095ad72be057bf0,,Private
15938,91882571008b904c,,Private
100243,ef15ac38a645d11d,,Public
15965,f9ffbc646151fabe,,Private
60786,d80b2e3feed5e89a,,Private
5329,1b56fd5bef8f8fea,,Ignored
23638,517b7b8ecd1b520a,,Private
6573,9a287edcb2a12b18,,Private
73951,02b97feba4e8bdd4,,Ignored
99367,09d46f38ea540cde,,Private
24723,6803b07be08b1368,,Private
60074,0aa338e9d3cbb3e0,,Private
113490,bb76af0978d6e247,,Private
115241,8d2b3c25b38515fb,,Private
67888,cddcb89788bf3efc,,Ignored
111720,8713d2dfbe6fdd40,,Private
74122,8438fbcb64cadee7,,Private
71936,31caeb810ea1ad87,,Private
107720,973142aaa7a586b2,,Public
17949,bed0d41158e09a75,,Private
34660,e06f36ef90177959,,Public
13965,395bf4b2d1c989a0,,Private
83121,ebf95b0af8643661,,Private
37206,acf8bba7265307da,,Public
105550,47a558a4c9879117,,Private
39796,40be697143eb8147,,Ignored
40156,455c79522f187825,,Private
117250,178cc96d52db978d,,Public
106026,ba94782df266b5a3,,Private
116170,1627a19bf19c2efb,,Private
97636,76426ae73064c13c,,Public
102241,e168086ea052978a,,Private
105090,1fd24a0d4f6545ae,,Private
64875,64c3ea71d3a2b5bf,,Private
56601,64dcacdabdabffe0,,Public
36502,32d50035020154d2,,Private
74582,d13fa7212f209d79,,Public
35978,c87af4258b74c23f,,Private
44740,633a5d85edf1d002,,Private
65157,ab464b766e44e26d,,Private
23509,88bb502746b3b7f1,,Private
76763,e08ebe6a60198a90,,Private
98963,89dff6870abffaee,,Private
99207,31945a443e0851ae,,Public
90035,349f184510a2095d,,Public
72574,92800a2cb89bad05,,Public
5106,ea0f0ba295eb867f,,Public
68127,be20f1333600b288,,Public
65304,85bbb33724c0c8ce,,Private
77620,f5a2871c56aeb2d4,,Private
15727,eb7ed12f3efc256f,,Private
84462,41a099b09c25148e,,Public
89923,075f43d9e43a80d4,,Public
116022,e2808e0a8b874f87,,Private
90117,1426c11d342b8b74,,Private
28318,8599b533c73dbb24,,Private
59781,3b6ac80192b3902f,,Private
102137,96131971c15deab6,,Private
57943,93b86c48b545f01a,,Private
31872,f57742cb916ec19e,,Private
59096,51c217f7c599e885,,Public
76340,b2ddb6988d92843d,,Private
53140,5776b85f7b2888ed,,Public
5258,0c36c1fa7976d6c9,,Private
67612,41a8702316686ff7,,Ignored
14138,938e17043e8943ec,,Private
6043,048aad6a081dda75,,Private
41012,4b57fa9437d0c0d6,,Public
115897,3135cda103173914,,Private
13892,f2a61042b27989b3,,Public
21601,3df2f47ddd5a7d7e,,Private
104861,8ea27d904c0cac85,,Ignored
20477,845586feec8c0feb,,Private
80623,e3a06a6ef6cb6d82,,Public
80151,d96b59bede9a3cb6,,Private
82613,e2382f48722fe543,,Private
46569,d1b61be360811e95,,Private
97331,30fadad3d15994d0,,Private
38722,91ca2017bf16d31b,,Ignored
89072,b55aec402cfe6954,,Private
77553,4e57ab572c00f339,,Private
71249,17bceb615eb6b2c2,,Private
52922,3a64f853cf8f9b22,,Private
100408,4bc1ee328d3b0645,,Private
36440,13dc1031cd72877e,,Ignored
56210,96deb0540e5928c2,,Private
20952,004f2a63bd7f04ce,,Private
82830,b32cc81e498ed92a,,Private
86808,39b290a9eb9987d3,,Public
38938,bdd81c61e6afa6b5,,Private
94943,bd18a68ec6fdc924,,Private
104911,78006e5a2210018d,,Private
81427,1bf73f82f430f9c0,,Private
104435,5994615c862df18f,,Private
18111,6b90ab5d739e7ebe,,Public
70418,d04f6fb28fc8a431,,Private
116243,64ab5b7242c33ed6,,Private
106020,d69629193a40dfac,,Public
10434,2d66f46594a88192,,Private
15376,40db0b607722d290,,Private
67201,3fbfd4e747670c83,,Private
48236,5aa2d37b2512a710,,Private
84754,96fb3238f16f70e8,,Ignored
96427,90ae156ae49ac376,,Public
95580,33e1cc447520f0a0,,Private
54444,468502b7672751df,,Private
9452,3f9cd07d0719f64f,,Private
52777,cfcab93168b7f540,,Private
53505,0ffe067a25c0015e,,Private
16331,7d2cda6e3366402a,,Public
7311,36f4a1ac547d927a,,Private
90128,3f6f7bc844493e0e,,Private
85714,af95fa57bcda07a7,,Public
81274,7406302658c698eb,,Private
89745,c4dbfe7932ccfd38,,Public
75652,f3664e8813f34932,,Private
14906,7e6aa35f9622b61c,,Public
97252,2dafc4411e8e9a85,,Public
4431,424e22bbd3568adf,,Public
70534,4036c323332a2a4d,,Private
95556,395260c430db82bb,,Private
71186,191a38a66fabf5b8,,Private
8375,172f81a6693c71ca,,Private
80766,e15dfd9e5d7016d1,,Private
15016,a7c441786fc2bef1,,Private
34560,63d8d937a899edfe,,Private
101988,4e1574a0d2ff5aea,,Private
46483,960d7ece84d869e2,,Private
108124,d96ed5de2d6ccf65,,Private
87001,d7df48b3509a1fec,,Private
84112,aae349e3b1f15ab0,,Private
68002,fd8382f26c7429d7,,Private
77078,eac59cd81a3a6b9c,,Public
62416,a724a5578ea72046,,Private
1910,9e9b261298c1cc25,,Public
59848,6b696a55bd67d1a0,,Private
64245,36d7c2c3fe0061fb,,Private
62904,f696a4fca7f77187,,Private
94962,a8750c86f3c40ebc,,Private
35081,9dbb53bb2d21174b,,Private
40487,4f5b637c6b1d7763,,Private
8773,4f7c527f768be317,,Private
116898,577414498d925feb,,Public
30539,de7c5c32186e2188,,Private
78658,3669dc4a6f38e617,,Private
94638,cc5f02a1f6b32450,,Private
42698,e72082def2052300,,Public
32347,68cf4c3fa81e4de0,,Private
62765,cd9dcb31f1979a24,,Private
67000,cb1413b4f43f018a,,Public
95738,af85de6d8d0e43d7,,Public
5030,387795a465e35ff5,,Public
44772,1b712317db4646ca,,Public
82797,ecb708481ecdbb11,,Ignored
104550,d10819f2b08838d9,,Private
52396,d3b286af6a5e6fa4,,Public
33581,8a9d8522133878e2,,Private
61490,c560810cd10d8ee0,,Public
84674,4ddfc75b9536316d,,Public
107099,8fb7b3ef05e61016,,Public
33018,ce1afcc7e8d82c07,,Private
34168,5304e0a0ece2fa43,,Private
83738,2a52d73ab26d1209,,Public
73395,f590ded9e938cfbc,,Public
86630,886ac1e9dca930d2,,Private
52359,f8a45c8be548eded,,Public
116124,11f8e0eaa27ab0bd,,Public
113744,435fba216e7a093c,,Private
14557,2051b545e632ee76,,Private
62792,2a1f45f5d3e8e490,,Private
79260,dac5870eafc5584f,,Private
56109,bc10b66215ec8d94,,Private
15391,f0ae515edbbd28b6,,Private
14966,99dd14d89cfaad88,,Private
22352,287f6776469141e6,,Public
70572,2be984cb372f578b,,Private
16999,1979e639cdd42546,,Private
25368,8b6aa9e3b28dea97,,Private
74704,f6ae377fdb111e40,,Public
18931,cf56f40141018dfa,,Public
11185,27983a1f0bbf1a1e,,Private
58893,6f35e8667f5c4326,,Public
55968,359189d946984d52,,Private
73354,787b0550ea539b31,,Public
112192,5a5459c5c435a92b,,Private
7063,7dd2643466da2c47,,Ignored
41982,f8f5599de8a18bc2,,Private
89253,19994e5159e3d68e,,Ignored
22533,826d8aa4e555ab3d,,Ignored
19388,c99a6525fb6a9a2a,,Private
99824,f3e87d2894d0ee00,,Private
31795,664639f72a49e886,,Private
16059,dab84bee481f5145,,Private
52895,9ef30dac3e9fa25c,,Private
19963,96198f23a25ccfee,,Private
95371,47fb29bde0dfe954,,Public
30261,b86e6a15fd49daec,,Private
44138,db0819bb24673d8f,,Public
48070,4773fd645fd3636c,,Private
28705,96c9087b18335834,,Private
28038,4325efaca991ff95,,Public
19620,188a7d02084ca13f,,Public
23546,b21968ff5dcb86ee,,Public
90976,0caaf5d05efdf070,,Public
87383,fa9b8042fec48cc1,,Private
21079,a1aa2e206e61ec8a,,Private
10964,64408b1531a9738a,,Public
93834,91d7ea1861b12a81,,Private
97060,85bd26273b56d9fd,,Private
66471,66f71563466940ba,,Private
1734,3c3cf2094b79ff3f,,Private
11706,477981b251764345,,Private
107830,6e322a4efe3c6996,,Private
2191,ea59acc2d96743ab,,Public
28707,c3ff097c2a9db3c5,,Public
26702,0b64a0c36d7cf4e4,,Private
32160,0817313419fb6b7b,,Private
102233,8c5ac23214ff928e,,Private
24496,be09ca54b2b41807,,Ignored
91726,62a5d91f21f6368b,,Private
4475,7f0bab0046f8086f,,Private
10141,8641b54b2494ac58,,Private
109543,21da624427fb067b,,Private
24268,eddc9130e87ed301,,Private
48456,6100f7eb4505ea07,,Public
14279,f4c8ad57e4fa6972,,Public
75109,d6ddfaf967a1cda1,,Private
113327,94fa6405a3f8e5ce,,Private
33381,6443f9bc2aa11d1f,,Private
31338,a04b200a0c0897ab,,Private
34174,a9813a482adce705,,Private
4541,bcca9963efd26632,,Private
4673,cd36e9412a324c6d,,Private
62446,e01640e7ec59531e,,Private
116514,23f078e357c9e313,,Private
85975,93a3bc522a0dd40d,,Public
84070,e9a234dcea78e2e0,,Private
27132,d901793683f5e1be,,Private
22135,479b760cd1b665d5,,Public
97392,e27c0c68f8f526dc,,Public
21500,7a978cc5a0bf99c9,,Public
112545,ef10f852907b4e03,,Public
41676,1443a62879afe0d3,,Public
39975,a8707a8f329bbf43,,Private
75540,3b2878cd210f67cc,,Public
12566,eca83a931dc06105,,Private
101456,b2e1e508a2e0593b,,Private
87241,5a4fbb04def363ff,,Private
104736,95ca5499313a3e4a,,Private
42390,d027077e8666bac1,,Public
4686,407a90170ee8066b,,Public
104885,cc68449181eed677,,Ignored
5470,8a2648feb3c330b8,,Public
12442,fc0c1c173006fa0c,,Private
25502,43d1c9bbfad8935f,,Private
89900,960e5f4d125c64ad,,Private
15595,2f919bc0bc778d61,,Public
42364,ea87da998b281c54,,Private
79165,d42bb3624bd28201,,Private
86033,29898f7f52f35c2c,,Private
70246,266d416dbd8c1a44,,Private
79501,78ec6981faf91579,,Private
102704,36f44e9628990549,,Private
100433,045a22ff7fa2cab4,,Public
7149,8d47f9df29e53e82,,Private
28015,4369163b83bf9d0b,,Ignored
2420,282044fd20300048,,Public
75738,96853757849be6d6,,Private
63473,46104f69864e9f7f,,Private
68335,760490b81697dbba,,Public
101707,f784c195931c9e05,,Ignored
99819,dca11c6eab34e7be,,Private
53959,21bc8b85f85a7693,,Public
76534,ef735c8909b5fb9c,,Private
112095,4d9d6af90e270cb9,,Public
35726,d1055131278de20f,,Ignored
75549,01c50b4085c248f8,,Private
13873,e2bf544a88b5601f,,Public
82795,1162129370413d9b,,Private
78994,72979e9cec0d0fe6,,Private
15935,ce0957496579b108,,Public
59033,5e7f341a0117f2c4,,Private
42435,9fe020cb4c86c125,,Private
69211,ba40e751d1f39a4a,,Public
10898,cf762baedfc08395,,Private
8179,63d1a001b470e59c,,Public
103195,deeebadbe917615d,,Private
112023,5997799fb001a279,,Private
89177,0de3a67aeae88aed,,Private
81178,15f4f51a000633f4,,Private
7000,1cafe8e285febc0c,,Private
96531,0575d27b7862781d,,Private
3353,6374321ac0b7cbcf,,Private
38468,eef8358a709e0767,,Public
9502,1ae8cbb126fc140d,,Private
8444,0828e258733d454e,,Public
20135,891c6de182cdac9a,,Public
55359,1c794727b9a3bef9,,Ignored
83673,80ff0835715bf241,,Private
85368,8da7a5478f29d016,,Public
56115,6b4d05db0daf32da,,Ignored
65937,a8d9f6d7a5cd63cd,,Public
18568,5e1a6c6c0185d443,,Private
110486,7c94e5b265446a1c,,Private
58901,0e649f92d8ece98e,,Private
61220,df8a7f3cad5752b3,,Private
36900,b86bb00d448098ed,,Private
103336,b5bf38a6eeddb571,,Ignored
15427,13a38ce45eeb66d2,,Public
41628,4aae0b1da7a7dc25,,Private
15256,8194b76915dd34f8,,Private
102470,6204451798926f3d,,Private
36350,aa97e27789e7ea14,,Public
4741,70417891de39c8b2,,Private
13177,c188b2a44284e8e5,,Private
105637,42d7f9b8bfdc4154,,Public
42508,29275e1a33e7d1fa,,Private
51092,18b088e4235813b2,,Public
117143,a2776ed5a8019083,,Public
5218,c92f724b18bd5da3,,Private
65865,67543aca89b7d903,,Private
14488,a2b38f9906ba51b7,,Ignored
22256,db4dba087e562619,,Ignored
31592,3214afc44a05864a,,Private
20956,dfd47910926c9139,,Public
39422,d767bd09f8938114,,Private
26671,86d499da6d8c0c76,,Public
2317,35f8feb7c2aa5148,,Public
14784,8b1815090e0cc18a,,Public
66504,c383a8f80aa4a711,,Private
91588,c090a45c91e266cd,,Private
18708,9afae26f6a37afab,,Public
100630,2447a4cedc79c9a0,,Public
77779,b2b44ac5552c81ed,,Public
112797,10d598d3629de79e,,Public
50792,667c0fce92fed318,,Private
101325,e6066b8fa82f1f30,,Ignored
16717,09407197693f5706,,Public
86120,5b285cec8353ed0e,,Private
19879,5dc3fa4c78e0e0e1,,Public
23121,2f9a92dec18b760e,,Private
94186,121cfe826df49039,,Private
37313,769a593987f9a8a3,,Public
29856,4d5e18acc6fa8763,,Private
31036,a1a23937d5a6ebbb,,Public
115338,7aafc9023645f277,,Private
1082,68f41021545e5b80,,Private
55322,fcdd073088151058,,Public
101490,1e8f2f4e6231020b,,Public
79999,5fe7620d8921567a,,Private
34501,2a15d3de02c23fa0,,Private
75930,3b6b9f45a9d359ba,,Private
79686,e14bc26e5aeed63e,,Private
87823,3ba188b03af33857,,Private
70047,d03aad250a1634ff,,Private
88041,c6e5d5bd0059c9b5,,Public
66505,b4e82c4196c7f0aa,,Public
114296,12b3ef1faefa4d38,,Private
90238,3752fa905e7cbbb6,,Public
50884,67f22719d80a6565,,Private
61095,8c5f9693f6c8789b,,Private
60517,bc67ffb572d969fd,,Private
63755,9035fc1ad1a2749a,,Public
52030,15e85efd587b4f07,,Private
13385,e89684d9aacbb7a9,,Private
49242,2d49c552a44d0538,,Private
9202,37b42a2602a45035,,Private
102195,f8ade222269542f1,,Private
78508,12bd701cb0bf2aea,,Public
2777,843349cd82a3b2d4,,Private
99539,81a468bbd333c0be,,Private
24182,16253618dfed5042,,Public
65958,f55cf3f26caec760,,Public
78028,e7d26cd9d3aa268b,,Private
81669,7b9220fec397e30a,,Ignored
91295,08c4ae157a0e83e0,,Public
86305,4a938605e2ef5cd9,,Private
81639,41201b3b0bdfbb33,,Private
1103,029231425e4273aa,,Private
34253,7c596a8073106387,,Private
85255,7c05f2da12688fdf,,Public
14531,d88589506255d91b,,Public
66409,853b08fe10d72c5f,,Private
25418,9ae33c58bb2b739b,,Ignored
105847,046f749c2bfbf09c,,Ignored
92405,5de6aa38f4c0cac6,,Private
115387,6938d38cb539e0cb,,Private
69950,8338981a9fb59a6e,,Private
7919,5cfa734582d43541,,Public
93690,88da9122b6244593,,Public
97955,bd85cf0965c72b46,,Public
43740,3871944298ff54b0,,Public
33367,6119bb0c47e95952,,Private
55123,92b02f997b7a68c1,,Private
7348,324ce9a6d4f8a0ca,,Private
21659,3520d76e36cad481,,Private
76106,b8def06cdf2a9079,,Public
26132,bd5626bfa5005505,,Private
69749,7d92093c8904c811,,Private
25383,ed334b4b1c93fd98,,Private
72008,4471006b8714b7f6,,Public
111374,3b623693d9acabed,,Public
440,39ccea43624c4d1a,,Private
87307,ac762fe09116137c,,Private
104542,fda5d7e720c092d7,,Private
76696,c8c71f6b1a576e6b,,Ignored
21352,c2b608e2e846208e,,Private
78060,f5ee001afef626d5,,Public
72634,84d77f608e5e062a,,Private
73911,1c46783401314914,,Public
34544,2e409757072eab94,,Private
43032,fea28261b366a54f,,Private
88354,a0a979a984ac2bf0,,Private
92672,a93f73194f101dd4,,Public
82648,1b9210b2eed6cb6f,,Private
17950,4de9df5ec2cc8394,,Public
83648,2263397f7fd851bb,,Public
68828,a45f3e503ae0bb22,,Public
83163,864fe72d62e5dc65,,Private
109854,75c480ef80a710b0,,Private
73128,5967c94c8d16ef2d,,Public
110024,e92b2958ea794ae4,,Ignored
83097,48bd13714614d91f,,Private
47556,12b74acd1dc1d083,,Private
59940,9a7a14ec1e0e3adc,,Public
32516,641cd897ebb01b3e,,Private
94640,b6e66f8ee7f5f323,,Private
109921,561c2252e164a414,,Public
110778,b19b3c58aa6bf993,,Public
68651,f89170273f7d340a,,Private
84388,33b9fc45f61bb26e,,Private
115333,eb9b884a4058d8fc,,Public
23481,6f0728c435b42198,,Private
45555,7add46444792a156,,Public
61061,539875438d94a5f3,,Private
74996,d07b2e4f9ee9e9b1,,Ignored
36187,6d28c11d502840d3,,Public
36910,6fc6b0097c607d95,,Public
30646,d593a0a1788d5f1f,,Private
44648,8940c0cd76d03ffc,,Private
37270,22bd62b599b84b1c,,Ignored
30106,6710e0b982651739,,Private
48534,166b42ed172f99ca,,Private
99663,cf8818b84c022111,,Public
80496,726d3c36d4f7237e,,Public
81706,c696d9d1249b5a30,,Public
23203,93aa1207be25a14a,,Ignored
85473,a40a8a7b3f7af415,,Private
98246,5df90e6d68e78986,,Public
89174,bfdfe2ef535cf079,,Ignored
2376,f3e577f7d9b075f7,,Private
105928,220423f4275c91b5,,Private
85015,1b61b0b72ed7a81c,,Private
75061,c9fe396e777fc841,,Private
26610,7bb2c03b377b6ede,,Private
25212,5524fecb38942dd6,,Public
44891,5c278449e11c56d5,,Private
23197,e1e0b883412e132a,,Public
50233,76e459730c365bfd,,Public
63877,dc8bb054ea887e1b,,Private
41402,13c46529ba036166,,Private
21502,1d2b00763ac0ca3a,,Private
87760,6c66986fabf7cf1c,,Private
35880,7d422cfea844eac4,,Private
48882,764651b587da7b12,,Public
102376,20cb75e8c3853035,,Public
33508,9a0bce63159a4a05,,Private
33054,e71f16b6f1f3f994,,Private
114152,2be5007ede6b9d09,,Private
7244,21ee5f07f9abbb58,,Public
66671,a40c77fd965f70ba,,Private
76300,416986fe3c12648c,,Ignored
81525,7dbadc6ccaf952e6,,Public
43731,43d106255c56900e,,Ignored
71880,439f113bc6d2f518,,Private
32595,07adecec6a6a96ad,,Ignored
116337,b92acc885e114b8a,,Public
18365,212c40a78ffe3e3a,,Public
111774,a5ab4b6b2513e62f,,Private
34278,46627af6a48de188,,Public
35747,48b1362af3d77e92,,Private
103766,1126bb11b6719581,,Private
33665,36fb166a78b6c423,,Public
115986,350510cfb5091a8c,,Private
56584,0eb96dadf03134d8,,Private
101672,ac0800fe7cd431df,,Public
23707,d724a9e383fe3fb0,,Private
73723,aa734797a7b4d0d8,,Private
49667,061bf2fb5780ca93,,Private
30076,d801516eaf83284b,,Private
107214,40e21d3ec9a7e513,,Private
15675,f3ccf84e8e2e8d2d,,Private
90767,8b39c7c4a5c652a7,,Private
73173,a07691bbadd40422,,Private
91691,a98bc2a066fedce7,,Private
33346,c9f0130aa2be8475,,Public
37597,ab77a368e8e3e4ac,,Public
10203,7f1b6efb2f8b5ab4,,Public
34388,ca5b4ef079ef820b,,Private
45665,b805e4df30cefcb0,,Public
92667,842b83233a9ed6b4,,Private
91742,25410eeef5bbdbf8,,Private
64425,2d9d94c6b70fa2b9,,Private
38245,59ca42ab0dc0f2b1,,Private
45928,3e3b4990ae4fe086,,Public
65019,482feae7ed12d0d6,,Private
22578,839ec31e650c5409,,Public
70002,306a63d79ea928b3,,Private
3896,8ee1c15c9e1fc836,,Public
47509,4437618c938c74c6,,Public
82209,d0812b41e65253c3,,Private
49699,dce17f221f7f4dcf,,Public
103932,3d4aba3c8ae18f48,,Public
93933,06ffce18a51d72f1,,Private
37304,93ce27bd247579dc,,Public
117482,92faff408eb806d1,,Public
55907,83d9cc6f089aaf8d,,Private
112628,1e646257230c2ea5,,Public
68453,f29916658445e754,,Private
60640,e265e197a536633e,,Private
17985,bf43e0eb77ef5ca7,,Private
34587,d52c6c3cfc447429,,Public
30246,ae8cbbfd53c23afb,,Public
47588,91b570ed752fbbf6,,Public
96431,d795bffb5f1229db,,Private
1166,ca4b080aa2d14578,,Private
48411,02a2e1be9778e1f9,,Private
63048,db4e446cdd043b34,,Public
40763,b3471ad9afbbffbe,,Public
33677,17717252406de726,,Public
3726,897713160baa9ae5,,Public
53816,ad1b9998052c0fed,,Ignored
108569,4f02ff5ebaaae253,,Private
65547,662bd0e27374787e,,Private
71705,391819af0aea4b61,,Private
39318,1539dc0f95116ac0,,Public
53201,23678c5ed6fe35d7,,Private
57651,3aed51ca2159d8af,,Public
4567,7733e8b28595f1ef,,Private
60655,78e47dfcb850cd4d,,Private
93687,c706620b3a3dc213,,Public
36060,e1d70c248ace8f30,,Private
51750,dd53c70d741e59f3,,Private
72399,938784459ee0f948,,Public
110187,042e1e0fd62f82a6,,Public
70499,9a9726d188b8c798,,Private
51982,e85a20924479243d,,Private
37407,b5820bb01917e487,,Private
59424,efe54a0430bc3e75,,Private
70988,52454cb05a046291,,Public
98196,fa376b7c50e397c9,,Ignored
8334,ce64a25954a767d0,,Public
41478,f3a20f7a9206b8bc,,Public
52883,f13e301592cabc74,,Private
99341,b5bf72057029948b,,Private
55493,b1c1d2f90aa560d6,,Private
48115,8b88ea4f9d4f8d51,,Public
64348,f2badccbedb9c3fc,,Private
76033,b25cd4ab882bf17f,,Ignored
38758,0f642b05f10f73a6,,Private
80048,0da097cd467bf4b1,,Private
66398,b72c491c29c687e2,,Private
32300,b89ab74c44646010,,Public
41632,9b946bf445147072,,Private
85676,c6beab82a835a382,,Private
10881,420e04524ff516a0,,Public
100420,e2464fdad731d548,,Private
67722,cd4be174e4e3366b,,Private
76536,01e9fc02ae011b47,,Public
112569,3bf32de1a20692a7,,Public
26253,8cccf05f5af8f8d0,,Private
20716,b7163706b7d09c7d,,Private
2260,52cd7203f92c8764,,Public
6002,2c167a00940424f8,,Private
106167,f2b6b6d3a69d1521,,Public
96274,fe3682a2e37b1b29,,Public
9645,76f59210241cc758,,Ignored
101601,56b29870dda33a75,,Private
97678,e6157386b823cb50,,Ignored
6618,d45fe2012b002bda,,Private
10676,5e853d3f01a3537c,,Private
18360,40440fc98967b09c,,Private
91696,12dcd50ccab72812,,Private
81838,4344d8b279abc129,,Private
48991,4c7202f14be51555,,Public
38438,9f0a9283768e0c9d,,Private
88408,2962a18a91f0ad15,,Public
91111,d06b1d65c1000cd1,,Private
111390,841e0d0eae0f770c,,Private
10550,92ae5381cfa0de42,,Private
46163,627a72454679a8da,,Ignored
45758,937795459a793a9a,,Public
96481,a664e792eefb0fed,,Private
62204,2a7608d7756d7003,,Private
114950,80ad21d0d371fe63,,Private
93740,578dc268476e0d0e,,Ignored
61208,514fd62c5fc92cce,,Private
99151,f6fc428cad3a0f5a,,Public
34709,72e00c2c0adf0152,,Public
111225,e01b7d6d9ba958b5,,Public
89414,13ddaadf5d5e2598,,Private
66775,317bafb5de013619,,Private
112976,25e20fe3f83ede71,,Private
44509,915b7dbee87248ce,,Public
55964,10e1e17156ea3bbc,,Public
43901,67580f4695e022a6,,Public
59203,2f5b7c82fc114b68,,Private
14139,e39a4af6e237a5e3,,Private
64424,c055f50c9bc7dd73,,Private
65717,c645e90f80dbac75,,Public
35603,087ba9dde1879247,,Private
14245,c7812493301f52a1,,Private
14141,655ec3883793daa6,,Public
106785,f9413c0732d6842d,,Private
109757,4353211c7e3648b4,,Public
62529,4e6f46284911b4c3,,Private
52596,880fb41b4605dd5f,,Private
10669,3be92a6e99affd32,,Private
45061,dd6807366d999f53,,Private
21754,331260f9e25d571b,,Public
32139,0ea021185597210e,,Private
78813,b6e4aff96b2d9985,,Private
2310,d23b37973eac3783,,Private
97797,e4eed2c629ee4137,,Public
92001,9e116232b2bc73c1,,Private
24183,653eae9fcd856512,,Private
83854,88285cde5030171b,,Private
72661,bff3a23c7f31ec74,,Private
13946,7028a9c586edec0c,,Public
57511,c1f554f2b1ce9c2e,,Public
84558,94432e9c7d0c2db8,,Private
114938,0fe870edcb0c4ac9,,Public
12529,4f9ada99fa5aa5b7,,Private
43149,c7a83a91a2f76726,,Ignored
36067,562f17d3559d9ece,,Private
48821,a8cfbbd4b3844f16,,Private
47530,45cfd22986d4e50b,,Private
52473,b5cfe47cc8ad53e8,,Ignored
75236,4bad5bd807d4d207,,Private
101495,89d6e4e9abb80fd8,,Public
68302,9273ec8db9295af1,,Private
76901,0ad3d121f27dfdee,,Public
106767,4d37400e2c49314f,,Public
105844,b329105e98253eb4,,Private
114428,cd073584dfc728dd,,Private
75744,dbed2335d1dd838e,,Private
25620,a3ec63d7ce4169c3,,Private
33028,baebf2b791e1685c,,Private
17934,823dd8a1941175b7,,Private
16095,62e419ff069bbcb4,,Private
86435,4ff5af2ba3066068,,Private
83875,056c531d394826f8,,Public
94026,f5021c734f5959c2,,Private
51078,30eee5b43441c387,,Private
96852,2b6a0aa5ef6f620a,,Public
76305,013388e7376af348,,Private
63074,48b1f30aa02e72d9,,Private
64909,3da208a17cc8f159,,Public
73557,1127c707166bb656,,Ignored
112185,77b2b9cfc8d9500c,,Private
96754,d31caa71ef08d3eb,,Private
100404,179fa864b948e920,,Public
66586,364381cb41eeac77,,Private
30564,f3da9edf2a7716f0,,Ignored
116787,966ec2cc84e6e08b,,Private
10009,861aae22e7c4539a,,Public
17977,4a120b09008378f2,,Private
33975,51efa3a81a9bd2a5,,Private
100831,2247ed30c69d9700,,Private
32470,af39130679e49968,,Public
112116,9cd4936d3da5ec6a,,Private
86824,033ad0a0be1dbba5,,Private
50646,22b09ecd19994b3b,,Private
39434,68f8113145fb9ef3,,Private
115804,df2e4a2589accbf3,,Private
3847,1b1563ee9bf490aa,,Public
110650,af58bf87dd3c40d6,,Private
98250,5c7b9942c3bbf3f1,,Private
104810,daa4ebc4f054d5f8,,Private
79087,99e192146475d19a,,Ignored
30921,957de2aa49ff36a0,,Private
35940,a07c680b6430b4cc,,Ignored
13088,068fc8e286dc2f36,,Ignored
14841,0520869cc19caf2e,,Private
94048,7e1e90f064e04d30,,Ignored
94948,4d3a7e9c46821234,,Public
106312,8a7f57ccf54892db,,Private
50805,a110654b5ec24deb,,Public
98112,cf37290b6742ac21,,Private
16290,c8bdfb040469e132,,Private
40190,6f6589474f3acb14,,Public
65651,fe6c72727fe678dc,,Private
25163,3ec77dfc6b25b4bc,,Private
80531,7194269998f89ac2,,Public
112986,c78d1a359f3d43e3,,Private
35052,461ef933da557a5c,,Private
84440,e42eb1d0acd9cf75,,Private
4457,e145139863ab78aa,,Public
76096,7c9980de54645dd9,,Private
4540,83cd4199805e0ecb,,Private
54211,843afdf3a6aa37ac,,Private
28803,883818e5ac1876a5,,Public
100358,1aaeeeaf89b96a0d,,Private
93290,37c462ed77a892cd,,Private
82327,07e7606eb185bbd3,,Private
73165,d25e814441424ab1,,Private
15408,1558f86fe913b290,,Public
90985,2481645053ac2b2a,,Private
106866,9b7ef66e164f0e14,,Private
77474,b04ca396333eb5a8,,Public
106161,96ebe25c42849071,,Ignored
33842,0f6ae5d8242cd35f,,Private
110234,010bbd74d9648b0d,,Public
13659,fa27f4242b9eaa0f,,Private
115484,cba0d8a5ecfd2016,,Public
28729,7c7d52c985236be4,,Public
55562,06753760f79cdb1d,,Public
50647,c76edc8accd7fe5a,,Public
71607,2df1cfc272cdc378,,Public
34870,878f2b5f4ef7618a,,Private
92615,49b7519e138b9895,,Private
70964,bbd856be491f8443,,Private
75826,b3160724de603bab,,Private
55655,307a6536e7c15647,,Private
36991,4ca6c2ffdbaf0d2b,,Public
37953,ad90e3fddabe82e5,,Private
43674,ef1861ce8c71f5d7,,Private
112475,b1f70c4164367e7c,,Private
65621,87a5f7bc91065065,,Private
47205,6648b1fe3b0f0901,,Public
923,1770e6c1e0b3443e,,Public
53714,350702503dcff04d,,Private
34761,288e95c8f814b252,,Private
78894,dcf3dde6d3527b03,,Public
36196,ab9073aa4d88d23e,,Ignored
17331,fa03b643c640e56a,,Ignored
21308,0ea62109a5214a43,,Public
102885,064a83740a1f18b8,,Private
83999,7718d1d4ead424ca,,Private
35650,b04e24d98321038c,,Private
104303,c197e542804585e3,,Private
39347,7065f9a865e3146d,,Private
40603,c797d53caf4232ff,,Private
105838,466dcbaa8b40fd1d,,Private
3961,7557f65e5faf3b27,,Private
53021,c3593f7a1c424ae9,,Ignored
103445,c57f95173e388c68,,Private
2666,8c48f6cc8eda3025,,Private
21167,8c5dc37476968434,,Private
37861,026a32f7a4296acf,,Private
18542,8e83289778b1ee9d,,Private
82097,0eb5e29c9d10f10c,,Private
33737,f2f520a184c54b16,,Private
22728,e9f568e361224385,,Private
91527,8a2c01416a756f1d,,Public
40944,0190aec9359feef3,,Private
81453,a437aa333d3d7d87,,Public
51199,fff722fdb8d5ee5c,,Public
78409,c98ba56431ddf1f2,,Private
59218,fae590445143211b,,Private
47218,981b7890eb931e43,,Public
21311,c16de4f6bfb439db,,Private
82412,03e9cc82b7df9483,,Public
105150,12feeafafe00ebb4,,Private
96841,99d405b8433ceecd,,Private
63795,2d35d4d5268ae640,,Private
40442,891a9d14232b66f3,14730,Public
19609,c9f6e94e4189e89c,,Public
112225,4ebfc167be53cf62,,Private
72738,44ec5e9207952ff4,,Private
104548,166a6f758d5fbb17,,Private
26337,6ea937faf022c9d3,,Private
97977,75aaa5b89fe06ae1,,Public
75868,b1c2cfb3c9e74d3e,,Private
83412,9d2f0ab39074e113,,Public
42656,bee7786c94c97f2c,,Public
29771,e070d28fd4472950,,Ignored
18422,7ecf0670183c4773,,Private
96686,1ab528e5d14b54df,,Private
34775,735efc7266ee6fe7,,Private
105139,e314d5bc962f3879,,Private
41653,4ec543f74b48d5d0,,Private
86734,fbe43e8eeeffca40,,Public
37924,d69cc37eb69e9771,,Public
80946,8c0403b2048f7b73,,Private
27042,e1a04ba0d1462d87,,Private
66961,a2580fd650c4922c,,Ignored
54825,865ae48fa1e37858,,Private
70525,5cbf4a43abb68963,,Public
52508,a6df4536a12d452d,,Ignored
57908,82258d2688318a60,,Private
45824,f7e35d8c9291e755,,Private
70741,b1b95d184d72a799,,Private
73630,c347fbeb98a57756,,Private
67746,c7bd59a5767f71c9,,Private
79400,f6feae216a8b88a1,,Private
48037,bdfecdc8b07b7435,,Public
44447,b8a0cf0763843151,,Private
31909,98f5afecfd4bc81e,,Public
29649,e0e761a87ad83361,,Private
32473,55782c4802646ae7,,Private
72968,fd8eabde1b5b0fe4,,Private
25764,8e160efa02b72fa2,,Public
24780,a6c49029b261e216,,Private
2177,684babb12500b6b2,,Private
27899,47bbd9a70b45bc27,,Private
17888,1c2ef1f7768462e5,,Private
114327,c16d000fa98f90fe,,Private
20105,7f22eee0f5bc82cd,,Private
92138,54f0cf7b396afdae,,Private
67852,a17bf51d0f259c45,,Private
89557,22a30e0ef11514bd,,Private
89670,7e5641a6c142d0da,,Private
24476,c4170938bc0df032,,Ignored
87105,095d1ac52f07d0bf,,Private
87224,47fea7e8b99af293,,Private
74656,661b9e12f5706a7d,,Public
7532,36b0edd3b9b03b29,,Ignored
108044,0e47c9fbf288d338,,Private
45759,8fa57f5d29b652aa,,Private
20621,d28370ac8891406e,,Public
113521,4738836fa7738b10,,Public
12652,7ad80e83173efeed,,Private
44498,95e8fe8bd9fbe544,,Public
103545,271f6857147ff18a,,Ignored
95318,dff0989856828e5b,,Public
95724,f44471c08a5ae5fe,,Private
38073,365af04e228a7c2c,,Public
16644,b17b7cfc5f0daebc,,Private
50935,2d1e637cdd9bcdf1,4666,Private
116114,71dce9a5e1354517,,Public
22073,86cb52592e45b47d,,Private
111309,7ce4b792a5e6d417,,Private
80981,20604290b5306fb1,,Private
22173,cdbe1fb4c0029fd2,,Public
13649,348e0dbcc4aeca01,,Private
107120,eae921d8fc390738,,Private
20144,82fecb36a749b5bb,,Private
47654,757d0f71a4db1f04,,Private
30132,37a7f2870c470e0c,,Public
30310,bd24cc3e30350c2f,,Private
59734,d4ec05382e1b508f,,Private
31650,93879de192e7833e,,Private
7243,68d160141ee40388,,Private
16486,2cfffcd8fdc418c9,,Ignored
92833,2b2418d8277474ec,,Private
1588,f3c82e6d62bfcbed,,Private
77997,245261793b1bb3d8,,Public
42915,9cbdef2630b1fd53,,Public
42707,709c8f5ea085347d,,Private
59775,ae2f8362d6f97c9b,,Private
1365,d986cedc66e0b67c,,Public
37762,03987da81327d417,,Private
50581,d2e7cdcafc9e7308,,Private
75940,54dfcba68217994d,,Public
14880,333ce5c61e8d8cd4,,Public
20854,409630586e56ef89,,Private
44789,ff2740cc3a3c981a,,Private
44803,77afc0db88125c64,,Private
108791,3c27ea13020e8f12,,Public
4280,1507d521f77e2929,,Public
48232,b15b7b434c7ca085,,Public
9562,8ba686bb188b9c32,,Public
28704,3803395b716e177b,,Public
37416,6c0cc744847e38d8,,Public
71778,187ab9066fc92e6b,,Public
28185,f50577db10e54741,,Public
74565,b74f11679374f9f1,,Public
84610,da242a69ebf809b9,,Public
23897,7f023987be8b102d,,Private
39001,e88fecdb5fc02da3,,Private
4207,3f5cc288c55e9b4a,,Public
71510,c9fcef5da1dc5152,,Private
33036,a28462b5a1d72756,,Private
16642,f362c6e6cca44339,,Private
37935,abcc0c2d14007076,,Public
106147,94fa2262af703888,,Public
12600,d8ad18a895519199,,Private
76808,d9dc963a276cc5e3,,Private
109201,fcb51908667056d8,,Private
58788,75e663dca5a0fb54,,Private
100284,a70cd0dce4ccdf8d,,Public
55719,fb4b53b6bcdb25d3,,Ignored
82049,6e0b4ef0660e3f4d,,Private
1926,2a397895399029ed,,Private
74504,2b342af01208dd42,,Public
104716,6e59a4d8f30039e7,,Private
71126,30b6af19593744e3,,Private
79967,83a7a1d6fbfb0ce9,,Public
28138,ed5d056666b074dd,,Private
115601,f9080c481a58a078,,Public
27537,b1f5b7d945640e39,,Private
86966,4e4d775196a4e343,,Ignored
62166,ccfe4e3add83b47f,,Public
100998,6e4886129b5bf7df,,Public
95651,23b786e2aa96f438,,Public
95470,ab49db50b890e627,,Public
55075,4ba21bc6c681c2d0,,Public
80767,ddfb8c7e6b0f54cc,,Public
11350,636c35d779cb7f2c,,Private
78368,471dd3b4df95071f,,Private
47857,d79316c65bd75a08,,Private
23669,b9ac0b9b66f14a41,,Public
33554,f12314657907f985,,Public
7424,f76bc379b6adb4e9,,Private
16877,a827a6b3b6a2156d,,Private
77582,1ec6894c3489dd88,,Private
107747,089f91cb59e0ae69,,Private
104844,f4f7358432c14505,,Public
106506,f129ad5e656c9e58,,Private
74114,7802ea8ed949401c,,Private
19264,22672b1d92acd10c,,Private
65848,5c482320930503f9,,Public
28883,12ce6ab91d98093d,,Public
59047,f64ce7f98a103c61,,Public
5027,6d5132c2cecba8b6,,Private
112818,562d8835cf9f174e,,Private
23385,4eefe3f60206a54a,,Public
72215,7ae99238be56ed24,,Private
71182,41e719d1f83b5118,,Ignored
5852,50b0c6ba903b5e92,,Private
26901,406627e4d5055220,,Private
46521,a80583c5d8bfe210,,Ignored
82640,02bd9e85ec08924e,,Private
2421,50df725ab7747043,,Public
100674,e9d0b8e5a20b63af,,Public
70618,391b1aed25193e0b,,Private
11173,6602aa08c101ebab,,Public
78784,dae2402b6f7bd821,,Public
39676,fdbcf2b0d801030a,,Private
100261,c87bc15354cf9f02,,Public
89961,72b1e58c1295cc35,,Private
54910,ccd49d856e178bfb,,Private
33322,e00a309feee259af,,Ignored
19983,5f55ab859bd64cbf,,Private
69517,5f2c64d0c9fdb857,,Ignored
27514,61ce63f40aa49092,,Private
60941,333ec7d672f9b62b,,Private
80972,659fb0657377ee6d,,Private
89077,b8e262dc9b9c2272,,Private
19794,965a19c875f5549c,,Private
36745,27211733652d6f83,,Private
97251,0a8adcf9efecdd2a,,Ignored
10410,7e761908de487ccd,,Public
5226,c37d9cbc037a0df9,,Ignored
3755,534ac4c53dbc78e6,,Private
40605,937749897080e751,,Private
17438,1b1ebccf89054ae3,,Private
89308,0c0d823c338d720c,,Private
21467,97de13e44851ff09,,Private
15233,db28627f3df04e84,,Private
71374,59666f311314207e,,Ignored
110282,03bc366a1e4b40f0,,Public
92222,2baa5095d774b857,,Private
44857,e90c26a6a92cd771,,Public
41403,da2e9325f8e214e9,,Public
94383,301939d1792de86e,,Private
75594,a7c127e47fbdc9c6,,Private
109050,3486da7f13acbe93,,Public
73008,54c739c36d5a5cf1,,Private
27725,07f8737bf77000de,,Private
40846,279ab4ccc371617a,,Private
18226,01238f98aeee977a,,Private
47736,d04fc092d427335d,,Ignored
43598,b46c3c6d674f8454,,Public
15904,b2a22426ce400ca6,,Public
33450,c0f6f21ce44f67d9,,Private
65327,2d9099d150e6e3aa,,Public
39578,52ac43cccb4dad80,,Private
45489,22474f6279e59f4e,,Ignored
70283,5deb00f406780596,,Private
75094,808ee207fd9fb027,,Private
43945,6fec8e4b52b0a6ee,,Private
8796,44be4534c7c7771a,,Private
39596,abe120555fb56e22,,Private
38186,51578c01514aad13,,Ignored
15934,06d3b80386be4526,,Private
654,1f291c1cc155af31,,Public
93677,7c7b1d95424e3285,,Private
101912,c8ce8be4e605015d,,Private
52326,2841c42fa90881dd,,Public
56041,66eb986d4f20642b,,Ignored
113671,e37fbcc71900f516,,Public
58974,4e116bab503af68e,,Private
87614,30f015d4f4f3e4aa,,Ignored
39570,9554d201e8a06e79,,Private
89559,8a2c807fe10007fb,,Private
51935,43be48dc89280c66,,Private
115158,fc8e28c4fb8cf1ff,,Private
56714,44a16efc439c074f,,Private
42924,e8f664558effc9d9,,Public
62909,589c9cc079b4c905,,Private
101811,82a5c03fcc46fd26,,Private
66103,b5757194206794aa,,Private
29496,daa65c4e18d7c9ff,,Ignored
57559,25afb412070d66c7,,Public
96311,c9c37373f0910960,,Private
69090,c84fe198bc913a49,,Private
39798,7e1b6dcad48cbe43,,Private
93270,c8775ffdbf69646e,,Public
104131,4d71dfa0f744e9ee,,Private
88111,efbae33e5c4b8709,,Private
79827,06ffbdb2c2404ad9,,Public
78588,0e07220782ea9fff,,Public
17783,e3e9e1bd8adda6a9,,Private
24757,0aea3b24e3114156,,Private
9731,fde98dae2daae553,,Public
64752,c786ab5b11db9864,,Private
47886,1ef4bb38e0c4f57b,,Public
21291,ed89e33196363399,,Public
72566,3e7959be57483e26,,Public
1288,ed7884b2a82fd5e7,,Public
26685,6fa322540787f267,,Private
71487,f9f9ce4acd14074d,,Private
10263,d12fb4263e5942d3,,Private
49540,1f6347707e0c0691,,Private
115554,49a0d66988a5a0a0,,Private
33275,f3958926d3c3e568,,Private
107962,589aa4f633550b39,,Public
11937,f26ce5080a3772c7,,Private
42974,d0261b86db37549a,,Private
103513,e6c2029dea8a4ef1,,Private
25709,fcf4c31fda8d9a37,,Private
59903,731744e69068da71,,Private
31890,5bbfc32361e44aaa,,Public
34551,4bdd1dbb0b09415e,,Private
54020,c83066e619d133c1,,Private
81300,3a356271f9c4bedd,,Private
86089,89ea1a49dad3a396,,Private
51298,d3a0b69a7cb894f2,,Public
87292,77057c79ac27c1f7,,Public
108976,711661834512f8c7,,Private
83916,20c51e85f9f1ba65,,Public
4007,6def680479052416,,Private
78328,33238870d7439dd4,,Private
85875,56e2fef5ad967cb2,,Private
115729,4e91dbfa0274354d,,Public
57185,289ebd94fd2c2fd6,,Private
79581,c865b4e6fb611b13,,Private
43108,2240b447e1feddcd,,Public
117094,00942c2692e55e0a,,Private
51870,335ca456a13c777a,,Public
80543,f1642d247271aa8d,,Ignored
27272,5f6cc581ea8a6122,,Public
22831,6fd6405d4e791852,,Ignored
35371,1781a14f75865267,,Private
65297,d183ac33094cbab4,,Public
55996,657d3a9c3a2230e1,,Ignored
29179,9315a5df41b4628d,,Private
80868,f78070541b7b5dc2,,Private
90093,4870726e16b42771,,Public
75593,47146c46213355dd,,Ignored
6675,aba43bad61eef0af,,Private
32392,226fc3931d3012e6,,Public
117533,134e4b08334270b9,,Private
86498,cec26b6ea1e8b6f5,,Private
94787,a6be13048a04ca23,,Private
90544,c1339f745bc95497,,Private
239,80ceb06054669c90,,Public
76804,e36a7ea8b0e9290a,,Public
67728,81621181377dca96,,Private
100069,263bbcf347a69165,,Public
12493,3b6b97fe01f32297,,Private
1499,24bf1965447f72f6,,Private
114650,d24d1ea8d92184b6,,Public
24842,0141701bdec2dcbb,,Public
88806,dc9ca901a6db4e29,,Private
94900,a34332bc9e79343d,,Public
98859,068bf3e83e4e72bd,,Public
107417,5cab62056a80e870,,Public
15857,9fa716e74d33be4e,,Ignored
113879,6ce732cf86fd3ad9,,Public
80211,a4215637df70ec69,,Ignored
23632,56061a35642552f8,,Private
28742,dfb562af664cbda9,,Public
63584,43e5b63275ec7ba4,,Private
60446,9ebf0b10de797557,,Ignored
26308,182c7d74c66308d7,,Private
4654,c8caf2358b3113dd,,Private
18861,1354f353ee730776,,Private
35575,4ee2ff4818a21195,,Private
58417,1a2d6ea30dae1e2d,,Private
81345,204a5f74f4467281,,Private
15324,87206926b88d487a,,Private
103646,ab874ee962a8e674,,Public
1758,514c5df3e8ef7118,,Private
106521,75e45427abb185d5,,Private
69020,276d6c575053b18b,,Private
84495,c54c2d5ae171b5c6,,Public
35228,57ec3e0925fe0cad,,Public
69118,dc22a8d61294b66d,,Private
8579,905c4232ac8c4e0c,,Public
73561,3b78d95b42886c70,,Private
102015,cad1777866b21b0e,,Public
21739,3ce65e9a01cd53e5,,Private
84990,159819d14b1e171b,,Public
18185,b365c48dc4f859a4,,Private
34656,eb47f774ceef4858,,Private
76754,e9ba3d11881081e1,,Private
9755,37ee3ede9ddf8a68,,Public
115796,38fd4f3830bd1008,,Private
94871,2818821e05d2b8c5,,Private
15162,fe0f85b5cc8ed2fc,,Private
41231,0005292fc4b005a3,,Public
34517,9e6d00605735ffdb,,Public
52639,31cc93f10088ce15,,Private
34208,147d3a60e3ac4321,,Private
76165,594efb136a9f735c,,Public
91606,b0b3ae2be6f59a7b,,Private
99938,3419e81e9fed2b0b,,Ignored
32959,6c2baabaac1b78f2,,Private
76292,d15c4336a95bf283,,Public
83948,ea39ecd074a51092,,Private
10346,e91292e27f09a325,,Ignored
100477,57b502c4bf1275ec,,Public
58382,2f8895f3ca6495be,,Public
38059,688b9439b8eac177,,Private
39285,e7206b5f287d98fb,,Private
38113,f1ca8db4138f1eae,,Ignored
90433,055ac8c03cd7cc9f,,Private
35763,0c08c5dd0ab1d78d,,Private
105663,8de29510357173cb,,Ignored
42876,ddb2ce3b84b7db87,,Private
89729,878a45c64a5022d6,,Public
107382,41c2c8f897bdcb14,,Public
76413,e20e12b7b99f9633,,Private
94894,d7e4e2407362b02d,,Ignored
37187,ce5b07c88af91965,,Public
89430,3997d0435e3c2b60,,Public
50882,aad921cc8a803e42,,Public
26004,294ae66589b7e097,,Private
69429,f913a67cf5351955,,Ignored
117381,9b05dd5ac27763b2,,Public
100593,4af4ac1839732f12,,Public
1549,97724c915259d7ab,,Ignored
30055,b7885a221a20b4ea,,Private
112222,47092dae6a36cd61,,Public
104444,6f9ad3b5b28478df,,Private
49344,4f1fb234ae498b72,,Public
59915,a1b7ccb33437d7ba,,Private
94736,5307fc0ae77f03d1,,Private
9911,f68796122f039f17,,Public
54009,2458e1565c751b26,,Public
96979,7e53819be993bd88,,Public
62290,ee9b7ec70bc50529,,Public
80462,5037d091eb3e9167,,Public
98992,3f6e3aeeaf56318c,,Private
22507,554cfd75cefc7c8b,,Public
64947,76ddcfc95c60d5c7,,Ignored
70761,9615f6238e571815,,Public
69385,8c9345932aa0c41c,,Private
117406,25d96f9f21bf9e22,,Private
101096,2bcaa1e7929bccd8,,Public
109104,3545179b2c1f8769,,Private
108511,116651daa338404b,,Private
9612,8d21b388e03415bd,,Public
91258,f3d26dc34f71d52f,,Public
5102,a6e8e9266e429b8e,,Private
114775,7d3fd38c8cbda4d5,,Private
65619,e26ea2d4aececc41,,Private
115870,625289b510fd88d3,,Private
42931,b30b50037692b6ee,,Public
94692,358b718559de774a,,Public
92981,5549a57a15ea71e6,,Public
7070,092745373b60a91d,,Public
65260,d70f7aa349d3aaa2,,Private
66294,f20cd5c8732e099d,,Public
5931,e55066b15bfb7dd2,,Private
105685,fcc365bdeae55ab6,,Public
61271,c0af5bd21b02b457,,Private
102232,e35c96c964681db9,,Private
60218,0a6da5cead57a021,,Private
